<?xml version='1.0' encoding='UTF-8'?>
<letter id="18328" year="1548" lang="de">
<correspondents>
	<originator>Johannes Haller</originator>
	<addressee>Bullinger</addressee>
</correspondents>
<space_time>
	<place>[Bern]</place>
	<date>[nach 1548]</date>
</space_time>
<record>Autograph: Zürich StA, E II 370a, 544</record>
<print></print>
<statue></statue>
<content>
S. Lieber her gfatter, nachdem ich schon gschriben, ist so vil noch zwegen
bracht, das min herren antwortend und schribend an klein und groß räth gen
Zürich. Das hab ich welle darzuͦ thuͦn, damitt ir wüßtind, worum[b] ich imm
vorigen brieff uß angeben deß seckelmeisters<f1>Sulpitius Haller.</f1> gschriben hab, man werde uff diß
mal nitt schriben.
<address> M. Heinrych Bullinger zuͦ Zürich.</address>
</content>
</letter>