<?xml version='1.0' encoding='UTF-8'?>
<letter id="18300" year="1548" lang="lat">
<correspondents>
	<originator>Johannes Gast</originator>
	<addressee>Bullinger</addressee>
</correspondents>
<space_time>
	<place>Basel</place>
	<date>28. November 1548</date>
</space_time>
<record>Autograph: Zürich StA, E II 366, 178</record>
<print></print>
<statue></statue>
<content>
Salutem in domino. Dominus diriget/dirigat corda Civitatum, quo nihil adprobent,
quam quod consonum sit verbo domini puro. Varii sparguntur rumores de missa
papist[ic]a invehenda in nostras Civitates. Sunt varię practicę a
Caesareanis; verum dominus absque dubio dissipabit eas, si nos veram
pęnitentiam egerimus. Quid Argentinę agatur, in ista scheda inclusa
invenies, dein quid in Saxonia; quas schedas cupio remitti cum tua oratione,
quam habuisti contra Interim, et si quid praeterea habes, quod contra Interim ab
aliis sit scriptum, oro, velis communicare.
^$Senatus noster ea, quae propositurus est paganis, nobis praelegit; nos non
potuimus ea comprobare. De hac re alias.
^$Raptim, Basileę 1548. 28. Novembris in ipso prandio. D. Theodorum, Pellicanum
et [Zving]lium nomine meo salutabis.
<signature>Tuus Gastius ex animo. ^$Bucerus vos omnes salutat in domino. ^$Man sagt, der von Rosenberg und der von Heideg seyen in kaiserlicher ach, item der von Büchlingen, der graff sey deprehensus in adultero und erschossen. ^$Der keyser soll hefftig kranck sin, das mann in müsse ätzen; nunquam ita periculose laboravit. Id a quodam nobili Ensesheimensi audivi, qui ex Bux lla ad nos venit.</signature>
<address>
[Adresse:] Diser brieff gehört dem wolgelerten herren meyster
Heinrich Bullinger, lütpriester zuͦ Zurich, mynem gunstigen herren zuͦ handen. Zurich.
</address>
</content>
</letter>