<?xml version='1.0' encoding='UTF-8'?>
<letter id="19336" year="1549" lang="de">
<correspondents>
	<originator>Joachim Vadian</originator>
	<addressee>Bullinger</addressee>
</correspondents>
<space_time>
	<place>St. Gallen</place>
	<date>23. Dezember 1549</date>
</space_time>
<record>Autograph: Zürich StA, E II 351, 108.(Siegel...)</record>
<print>St. G. Mitt. 30, S. 823f.</print>
<statue></statue>
<content>
S. Non habeo in tanto rerum silentio, fr[ater] Bullingere,
quod scribam, nisi quod ex Antwerpia nostris scribere quidam non
desinunt, cavendum esse nobis a Caesare; sed ea de re literas e
Norico missas ad quendam amicum meum, mea manu descriptas, per
tabellionem senatorium nuper ad te dedi. Dicitur iam
appropinquare Spyrae et esse praemissos illo, qui militem
gregarium conscribant. De pontifice novo nihildum audimus.
Certatim incumbunt Galli et Hispani, ut sponsam illam,
quaecunque tandem futura est, deducant domum et scorto
confusionis perfruantur molliter, neque alia magis caussa
saevire in sanguinem Christi carbonarium illud Galli iudicium
ferunt, quam ut ei potiundae meretricis occasio non auferatur;
mire enim ab ipsa reiiciuntur, quicunque Christum videntur
amaturi. Sed de iis eventu ipso edocebimur. Interim sancte te
oro, id ipsum, quod Germanice subscribo, meo nomine apud dominum
Lavaterum summa fide summoque silentio expedire velis.
^$Wellend so wol thuͦn und meinem günstigen herren Lavatern
ainzaygen, das unser pott uff 20. december widerum haim khomen
und sondern hochen dankh ab allen orten bracht, mit gar
früntlichem erbieten; und so er noch nützit alhar zuͦ embieten
verorndt hat, das er recht still stande. Mein herren werdind in
den feyrtagen aindtweders ain haimlichs böttli oder aber ain
brieflin verordnen, uss welchem er allen handel verston wirt,
und daruf meinen herren ingehaim, was in für as best anseche,
wol radten können etc. Der guͤtig gott welle imm und üch ain
glücksälig, guͦt und haylsam angend jar verlychen. Amen.
^$Sangalli, celeriter, 23. decembris anno 1549°.
^$Tuus ex animo Ioachimus Vadianus.
^$Antronius und mein herren sechend wol zuͦsammen; allain wil
eß ettwas mangels haben dess staygerenß dess feld- und walch-
gelts halber Darinn man sich aber gern wirt laßen wysen.
<address>
[Adresse ...]: Doctissimo pientissimoque viro d. Henrycho
Bullingero, ecclesiae Tigurinae episcopo, domino suo inprimis
colendo.
</address>
</content>
</letter>