<?xml version='1.0' encoding='UTF-8'?>
<letter id="20238" year="1550" lang="lat">
<correspondents>
	<originator>Joachim Vadian</originator>
	<addressee>Bullinger</addressee>
</correspondents>
<space_time>
	<place>St. Gallen</place>
	<date>23. Oktober 1550</date>
</space_time>
<record>Zürich StA, E II 351, 122. [Orig. (Aut.)]</record>
<print>St.G. Mitt. 30, S. 883f.</print>
<statue></statue>
<content>
S.  Cum tuo me nomine pridie salutaret Butlerus noster et
anxie te cupere de
rebus Madenburgensibus, quonam modo accidissent, mihi
significaret, forte
fortuna cuidam ex amicis allatus est e Norimberga libellus
Madenburgi aeditus,
ex quo omnia intelliges. Miram de se constantiae
expectationem omnium animis
incutit illa urbs, quam utinam et vicinae imitarentur! De
plusculis enim
ambigitur, mansuraene in fide Christi sint necne, usque adeo
in speciem quidem
plausibilibus, sed longe tamen insidiosissimis artibus
tentantur quaedam, quas
speramus tamen circumspectius acturas esse, quam vulgus sibi
polliceatur.
Interea temporis nihil habemus ex Augusta certi, nisi quod
certo ferunt Caesarem
filio suo Philippo fratris Ferdinandi filiam uxorem daturum
magno quidem fratris
consensu, pro lege videlicet caninae verecundiae. Si quid
acciderit, brevi intelliges. 
Vale.
<timestamp>Sangalli, 23. octobris anno 50</timestamp>
Ioachimus Vadianus.
Domino Henrycho Bullingero, praeclarae urbis Tigurinae
episcopo, domino suo inprimis colendo.
</content>
</letter>