<?xml version='1.0' encoding='UTF-8'?>
<letter id="21030" year="1551" lang="lat">
<correspondents>
	<originator>Pier Paolo Vergerio [=Vergerius]</originator>
	<addressee>Bullinger</addressee>
</correspondents>
<space_time>
	<place>Vicosoprano</place>
	<date>13. Februar 1551</date>
</space_time>
<record>Zürich StA, E II 356, 410. [Orig. (Aut.)]</record>
<print>Gr. I,  S. 192f.</print>
<statue></statue>
<content>
Vir clarissime, quum iam tradidissem nuncio fascem literarum
Curiam perferendum, ecce allatę sunt literae tuae cum
chyrographo de concilio Tridentino etc. Itaque me et
reliquos fratres summo gaudio asperxisti. Ego, quę tu
scripsisti, confestim in linguam Italicam convertam et
evulgabo procul dubio. Reliqua, quę scribis, lubenter
audivimus; sed fusius paulo post respondebo. Illud te
vehementer oro, ut illustrissimo d[omino] comiti nuncies me
literas suę celsitudinis summa lętitia accepisse et mox
responsurum esse et alia quedam ad eum missurum. Vale, vir
optime, et me universae tum scholae, tum ecclesię
commenda. Christus salvator noster vos servet a malo.
Vicosoprani, idibus februarii 1551.
            Vergerius.
Clarissimo viro domino Henryco Bullingero, ecclesiae
Tigurinae pastori.  Tiguri.
</content>
</letter>