<?xml version='1.0' encoding='UTF-8'?>
<letter id="23076" year="1553" lang="lat">
<correspondents>
	<originator>Raphael Sailer</originator>
	<addressee>Bullinger</addressee>
</correspondents>
<space_time>
	<place></place>
	<date>[27. Mai 53]</date>
	<date>12. Juni [1553]</date>	
</space_time>
<record>Zürich StA, E II 369, 21b. / Orig.(Aut.)</record>
<print></print>
<statue></statue>
<note>Nachschrift von 12. Juni [1553]</note>
<content>
Literas sex dierum spacio maturius occlusas esse, quam
tabellarius discesserit, ne mireris. In hoc enim fidem suam
neglexit, quod promiserat mihi se postridie abiturum.
Caeterum idem quod antehac obnixe humanitatem tuam de puero
oro et obtestor, ut quam primum tuas literas vicissim in
Thermas vicinas vobis, ubi Fuggerus commoratur, noster
municeps, amandes ita, ut aliquis ex ipsius familia,
quicunque sit, eas quamprimum recipiat. Vale tertium et
tandem in sempiternum, vir omnium virtutum luce et
ornamentis splendidissime, et Raphaelem, veteris amici et
quasi fratris filium, ne a tua familiaritate abige. 
<timestamp>Datum 2. iunii.</timestamp>
[Adr. fehlt.   Kleiner Zettel, zu unterst v.a. Hd. der
Vermerk: "Sayleri; huc non pertinet."  Dem Brief Traherons
an Bullinger vom [1541 recte: [1538 ca. Januar] auf der
Rückseite aufgeklebt.
</content>
</letter>