<?xml version='1.0' encoding='UTF-8'?>
<letter id="23117" year="1553" lang="de">
<correspondents>
	<originator>Graf Georg von Württemberg</originator>
	<addressee>Bullinger</addressee>
</correspondents>
<space_time>
	<place>Reichenweier</place>
	<date>16. Juli 1553</date>
</space_time>
<record>Zürich StA, E II 363, 150. [Orig. mit aut. Unterschrift.]</record>
<print></print>
<statue></statue>
<content>
Georg, grave zu Würtemberg etc. unnd zu Mümpelgart.
Unnsern gruß zuvor, lieber besonnder. Wir bedanckenn uns
euwer zwaien sermonen, so ir uns neben euwerm schreybenn
zugeschickht, gantz gnediglichen, gleichwol wir bishar leibs
blödigkait halber solche nicht durchlesen, wolten wir doch
gern, das ir unns deren noch ein par hetten zukomen lassen.
Das doctor Carolus Molinoeuus erßlich bey uns umb
underschlaiffung und underhaltung solicitieren lassen, er
aber bey unserm herrn vettern hertzog Christoff etc.
derweylen auch condictiones anzunemen sich erpotten, hetten
wir wol leiden mögen, das wir seinethalben nicht ersucht
worden weren. Solches seind aber sophistische unnd nicht
theologische stücklin, welches Molinoeo wol zu schreiben
unnd zu verstehn zu gebenn were. Wolten wir euch auf eüwer
schreyben onanzaigt nicht lassen. Beiden burgermaistern bey
euch sollet ir unnsern gnädigen grus ansagen. Dattum
Reüchenweiler denn  16. iulij anno etc. 53.
G[eorg] g[rave] zu Wurttemberg etc.
Unnserm lieben besondern Heinrich Bullingernn, predigern zu
Zürich.
</content>
</letter>