<?xml version='1.0' encoding='UTF-8'?>
<letter id="23277" year="1553" lang="lat">
<correspondents>
	<originator>Jean du Fraisse</originator>
	<addressee>Bullinger</addressee>
</correspondents>
<space_time>
	<place>Chur</place>
	<date>26. Dezember [1553]</date>
</space_time>
<record>Zürich StA, E II 365, 15</record>
<print>Gr. I,  S. 348.</print>
<statue></statue>
<content>
S.  Quoniam hic fasciculus d. Vergerio inscriptus iam biduum
hic haesit et, qui Venetiis attulit, esse alicuius momenti
affirmat, ad te mittendum putavi, ut, si qua ratione potes,
Tubingam perferri cures. Non implico te mea sponte iis
curis; sed dum communi amico inservire cupio, cogor minorem
occupationum tuarum rationem habere, quam alioquin mea causa
facerem.   -     Scriptum est mihi acceptam esse a
Genuensibus duplicem cladem, alteram terra, dum S.
Florentium expugnare nituntur, alteram mari triremibus
quinque naufragio amissis. Vale.  Festinantissime,  Curiae,
7. calendas ianuarii.
Tuus Io[hannes] Frax[ineus], ep[iscopus] Bay[onensis].
Doctissimo viro d. Henrico Bullingero, ecclesiae Tigurinae
ministro, amico charissimo.
</content>
</letter>