<?xml version='1.0' encoding='UTF-8'?>
<letter id="23275" year="1553" lang="de">
<correspondents>
	<originator>Jakob Rüeger</originator>
	<addressee>Bullinger</addressee>
</correspondents>
<space_time>
	<place>Schaffhausen</place>
	<date>23. Dezember 1553</date>
</space_time>
<record>Orig. (Aut.)</record>
<print>Ep.Calv. 1876 (XIV, 729f)</print>
<statue></statue>
<content>
S.  Venit ad me, vir humanissime, nuntius ille Tigurinus 16.
decembris, quo die etiam circa horam 12. iterum discessit,
cui tradidi literas a d. Gvalthero et a te d. Simperto
missas ad d. Vergerium spectantes. Contentus est certe de
mea rerum suarum procuratione, unde in posterum habebit me
lubentiorem et significat plures literas ad me fore
perferendas a te meque semper ex tuis intellecturum literis,
quantum refferat eas vel continuo dimittere vel expectare
nuntios, qui casu se offerant. Bonus vir, quantum ex
tabellione percipio, timet sumptus nimios; inde nuntio non
tantum, quantum oportebat, numeravit indicans illum 16.
decembris tandem Tigurum reliquisse, cum, ut supra dixi, eo
die Scaphusiam attigerit iterumque reliquerit, id quod
proximis tuis literis illi significabis haud dubie; et ego
idem facere statui.
Tabellio Genevensis 16. decembris abiit, 14. ad nos
pervenit. Responsum nostrum hic descriptum habes. Nam
amplissimus senatus noster selegit tres ex ordine senatorio,
Bovillum videlicet, Pflumium et Rinckium nobilem, ex
ministris itidem tres, d. Simpertum, Grübelium et me,
decrevit insuper responsum a nobis datum ratum esse debere,
nec senatui offerendum. Hoc sic habet:
Die ordnung die sy habendt inn irer kilchenn mit dem bann
oder ußschliessen haltindt wir für christennlich und
göttlich als von wellicher Christus sinen heiligen apostlenn
das sy die bruchindt ein heyter gebott gebenn und also allen
kilchenn, wir wir Math. am 5. 18. cap. und 1. Cor. 5.
habindt. Derhalben sy by söllicher christennlicher ordnung
und bruch blyben, sich nieman inn keinen wäg davon tringen
lassenn, das ouch das ußschliessenn und widerumb begnadenn
nach altemm apostolischenn bruch dem consistorio, und nitt
der anderen ordennlichenn oberkeyt so ire sondere
autorithaten und gsatz die laster mit der that zuͦ
straffen
zustandt, und als wir das verstanden habend wir uns ire
erörterung lassen gefallen. So verr aber unseren bruch
betrifft, so wir bißhar und noch inn unseren kilchenn
erhalten, wellent wir üch nit bergen das wir inn ander weg
die offnen laster, als eebruch huͦry gotslesteren stelen
etc
straffen, und nammlich uff den eebruch und huͦry sindt
ettlich, und uff die anderen offnen laster ouch ander
zuchtherren verordnet die sölliche und derglichenn laster
hertigklich uß unserem befelch straffendt, und so wir das
nachtmal deß herren haltenn wellendt ermanendt die diener
deß worts das volck das keiner dahin gange so in
offentlichenn lasteren begriffenn. Wiewoll aber unser bruch
deß bans nit alliklich mit üwerem glichförmig, köndent wir
doch üweren christennlichenn und der gschrifft gmessen bruch
nit verwerffen, sonder prysendt und lobend den zum
höchstenn, und so wir sollichen bruch hetten angnommen oder
gott gnad gebe das wir sollichen nach glegenheyt der zyt und
unsers volcks noch möchtendt annemmen, darzuͦ uns dann
gott
helffen welle, wurden wir so verr nüglich daby blybenn.
Habenn wir üch als unseren lieben fründen und nachpuren
üwerem fründtlichen begeren nach nit wellen verhalten etc.
Pollicentur in aliis etiam rebus operam et consilium suum
etc.
Porro unicum hoc abs te peto, vir praestantissime, ut mihi
communicare velis scriptum sive responsum in causa Servetana
a Bernatibus Genevensibus datum. Haud enim dubito quin illud
quoque a d. Hallero acceperis. Deinde eorundem responsum cum
Basil[iensi] in hac causa de excommunicatione iisdem datum.
Ea brevi et bona fide reddam. Quod autem adeo confidenter
ista peto, facit tua erga me quam hactenus exercuisti
humanitas et summa benevolentia, qua et me et alios
sym[m]ystas ita tibi devincis ut nos totos et omnia quae
possumus tibi debeamus. Vale et vive, vir humanissime, cum
omnibus sym[m]ystis piis doctisque viris quos meo nomine
plurimum salvere iubebis. Nova ex Anglia vel aliunde, quae
habueris, rogo scribas.  Salutant vos nostri symmystae.
Nova nulla habemus nisi Albertum a Norimbergensibus devictum
vix evasisse ex pugna.
<timestamp>Scaphusiae  23. decembris 1553.</timestamp>
Tuae humanitati deditissimus
Iacobus Ruͤger
minister ecclesiae Scaphusianae.
Eruditione et virtute praestantissimo d. Heinrycho
Bullingero ecclesiae Tigurino antistiti fidelissimo domino
suo ac fratri in Christo observandissimo.
</content>
</letter>