<?xml version='1.0' encoding='UTF-8'?>
<letter id="23260" year="1553" lang="lat">
<correspondents>
	<originator>Pier Paolo Vergerio [=Vergerius]</originator>
	<addressee>Bullinger</addressee>
</correspondents>
<space_time>
	<place></place>
	<date>[11. Dezember [1553]]</date>
</space_time>
<record>Zürich StA, E II 356, 719. / Orig.(Aut.)</record>
<print></print>
<statue></statue>
<note>Beilage</note>
<content>
Postscripta.  Haec cogor addere: scribis te obtulisse
nuncio 6 batios in die; recte. Scribis nostros batios pluris
esse et 15 nostrates conficere 16 vestrates; recte. At*
(*a.R.: "At" gestrichen) denique nuncio tres florenos ut pro
octo diebus solverem. At ille inquit se quinque dies huc
veniendo insumpsisse et adducit se coactum fuisse expectare
Scaffusii aliquot horis, qua de re Ruggerus noster nihil ad
me de expectatione, quum mos sit, ut scribant illi, qui
iusserunt expectare. In summa: mihi is bonus vir videtur.
Tu rem dispice, et si quid erit addendum (quod non puto),
adde, te rogo, et reddam. Ne praetermittas, quin ex te
scribas d. Baionensi tantum pecuniae datum fuisse
tabellario; ego enim nihil scripsi. Iterum vale, frater.
Clarissimo d. Bullingero etc.
</content>
</letter>