<?xml version='1.0' encoding='UTF-8'?>
<letter id="24027" year="1554" lang="lat">
<correspondents>
	<originator>Robert le Gras</originator>
	<addressee>Bullinger</addressee>
</correspondents>
<space_time>
	<place>[Solothurn]</place>
	<date>25. Januar [1554]</date>
</space_time>
<record>Zürich StA, E II 368, 683. / Orig.(Aut.)</record>
<print></print>
<statue></statue>
<content>
Ornatissime domine, nudiustertius accepi per postam
fasciculum tuum cum literis domini Vergerii. Nunc fuit mihi
allatus iste, quem hic intus invenies cum altero regis,
undenam ignoro. Nihil novi habeo. Dominus orator* (*a.R.:
Seb. de l'Aubespine) est brevi redditurus. Si quid est,
quod eo absente possim nomine tuo, iube, domine, et paratum
me habebis, et si quid novarum tibi occurrerit,
significando, si placet ad eum, quem primum mittam. Bene
vale, mi domine observande. Datum  25a ianuarii.
Tuus in omnibus observantissimus Robertus le gras.
Egregio atque doctissimo viro domino d. Bulingero.
Tiguri.
</content>
</letter>