<?xml version='1.0' encoding='UTF-8'?>
<letter id="25165" year="1555" lang="lat">
<correspondents>
	<originator>Bernardin Bochetel</originator>
	<addressee>Bullinger</addressee>
</correspondents>
<space_time>
	<place></place>
	<date>[4. Oktober 15.] [1555 - 57]</date>
</space_time>
<record>Zürich StA, E II  368, 375. / Orig.(Aut.)</record>
<print></print>
<statue></statue>
<content>
Mitto tibi literas ad Vergerium, quas iurisconsulto
Gribaldo, qui propediem tecum erit, nisi nunc etiam sit,
velim consignes. / . Gratissimum mihi fuit, quod tuum de
Clemente iudicium statim aperueris; omnino tecum sentio. / .
Sed, quicunque est autor, sive alter Clemens sive alius,
omnino nomine veteris illius Clementis scriptum constat. / .
Si per studia tua aliquando aliquid ad me scribere tibi
licuerit, mihi rem gratissimam et iucundissimam facies,
Vale.  4a  octobris.
<signature>Tuus Sanlaurent[ianus].</signature>
Clarissimo et doctissimo theologo d. Henrico Bullingero,
amico carissimo. / .
</content>
</letter>