<?xml version='1.0' encoding='UTF-8'?>
<letter id="25213" year="1555" lang="lat">
<correspondents>
	<originator>Konrad Gessner</originator>
	<addressee state="guess">Bullinger</addressee>
</correspondents>
<space_time>
	<place>Stuttgart</place>
	<date>24. Dezember 1555</date>
</space_time>
<record>Autograph: ZB Ms. C 50a (2. Mappe), fol. 270 oben, in Nr. 50.(Siegel...)</record>
<print></print>
<statue></statue>
<content>
S. Causę mę, quam quam f.....
^$T. T. Co. Gesnerus
<address>:</address>
</content>
</letter>