<?xml version='1.0' encoding='UTF-8'?>
<letter id="26074" year="1556" lang="lat">
<correspondents>
	<originator>Matthias Erb</originator>
	<addressee>Bullinger</addressee>
</correspondents>
<space_time>
	<place>[Reichenweier]</place>
	<date>11. April 1556</date>
</space_time>
<record>Autograph: Zürich StA, E II 361, 191 (Beilage zu 10. APril1556).(Siegel...)</record>
<print></print>
<statue></statue>
<content>
S. Iacobus Spalerus, de quo superiori scripsi epistolio, ni
interceptum sit vel non acceperis, liberatus est a tyrannide
Caiaphę idque sine aliqua multa et nisi quinque coronatos
solvit pro alimonia fiscali, ut vocant. Qui schedulam laconicam
hisce verbis misit: "Margret, wilt din eeman ledig han, so
schick funff cronen." Bone deus, stulti illi cęci fatentur
coniugium boni viri pauci et apertis verbis, et cur adductus in
carcerem? Mülhusii aegrotat propter carceris squalorem ac
inediam; nam semestri fere pane et aqua sustentatus est. Brevi,
spero, illum recipiemus. Tum ex illo audiemus, quid a ministris
Satanę sit perpessus etc. Vale.
^$11. aprilis etc.
<signature>Tuus Erbius.</signature>
<address>
[Adresse ...]: fehlt (Zu Jakob Spaler vgl. Erb an HB, 1556,
März 22.)
</address>
</content>
</letter>