<?xml version='1.0' encoding='UTF-8'?>
<letter id="26102" year="1556" lang="lat">
<correspondents>
	<originator>Pier Paolo Vergerio [=Vergerius]</originator>
	<addressee>Bullinger</addressee>
</correspondents>
<space_time>
	<place>Tübingen</place>
	<date>16. Mai 1556</date>
</space_time>
<record>Autograph: Zürich StA, E II 356, 685.(Siegel...)</record>
<print></print>
<statue></statue>
<content>
Salve H. Bullingere frater. Princeps meus habuit tuum librum
neque ullum dedit iuditium displicere, quum offeretur, legisse
nondum scio; olfaciam, nam sum brevi iterum futurus cum illo, an
placuerit. Heus, audi res novas de me. Dux Prussiae misit
secretarium ad me; rogat clementer, ad illum ut eam, rogat etiam
principem meum, ut cogat ire; addit causas, nempe ut componam
ortas contentiones in ecclesiis Prussiacis et iuvem Poloniam,
quae fugiens a papatu delabitur in sectas; sic enim scribit.
^$Ego tametsi scio me imparem esse tam arduis negotiis, tamen non
detrecto laborem. Tu ora pro me cum tota ecclesia, quod te
vehementissime rogo. Fui nuper apud electorem Palatinum, qui
omnino mihi placet; ardet desiderio instaurandi ecclesias atque
scholas. Scribam tibi adhuc, antequam abeam ex ducatu, quod
intra 15 dies fiet, ac Ratisponam prius ibo. Nunc catalogum
novum mitto; mittam mox annotationes, que nunc excuduntur.
^$Vale et salve.
<timestamp>Tubingae 16. maii 1556.</timestamp>
^$Vergerius.
<address>
[Adresse ...]:Clarissimo viro domino Henrico Bullingero,
antistiti Tigurino, fratri honorando. Tiguri.
</address>
</content>
</letter>