<?xml version='1.0' encoding='UTF-8'?>
<letter id="27094" year="1557" lang="lat">
<correspondents>
	<originator>Johannes Oporin [=Oporinus]</originator>
	<addressee>Bullinger</addressee>
</correspondents>
<space_time>
	<place>Basel</place>
	<date>23. Mai 1557</date>
</space_time>
<record>Autograph: Zürich StA, E II 336, 71.(Siegel...)</record>
<print></print>
<statue></statue>
<content>
S. De libellis aliquot a Petro Mechlin ad te mittendis eum
admonui, qui se iam pridem de iis ad Michaelem scripsisse
affirmabat, nempe non reperiri illos amplius, sed iam recudi.
Idm de defectu, quem petebas, se visurum respondit, an sarciri
is iam possit; puto ipsummet ad te scripturum. Spiritus
antichristi videtur moliri aliquid contra conatus nostros, de
quo proxime scribam ad te; iam enim non licet. Bene vale. Misi
nuper per fusorem Iacobum Munzingerum Basiliensem folia
aliquot usque ad f. Utinima liceat in reliquis pergere. Iterum
vale.
<timestamp>Basileae 23. maii 1557.</timestamp>
^$Ioannes Oporinus tuus ex animo.
<address>
[Adresse ...]: D. Henrico Bullingero, ecclesiae Tigurinae
pastori vigilantissimo, domino et amico suo inprimis colendo.
Tiguri.
</address>
</content>
</letter>