<?xml version='1.0' encoding='UTF-8'?>
<letter id="27294" year="1557" lang="lat gr">
<correspondents>
	<originator>Theodor Beza</originator>
	<addressee>die Prediger von Zürich</addressee>
</correspondents>
<space_time>
	<place>Lausanne</place>
	<date>24. November [1557]</date>
</space_time>
<record>Zürich StA, E II 371, 694 - 99. / Orig.(Aut.)</record>
<print>Ep.Calv. 2762(XVI, 703ff.);Baum I, 494 ff.</print>
<statue>Regest</statue>
<content>
S. et pacem a domino.
Fratres et patres in domino plurimum observandi, sero reversus serius scribo.
Fuerunt enim mihi dies aliquot necessario consumendi, dum ad Gallicas ecclesias scribo et amicis praesentibus et percontantibus satisfacio, nec statim sese obtulit, cui meas ad vos literas darem.
Profectionis autem nostrae hoc summa est: Schaffusianis et Basiliensibus idem, quod amplissimo vestro senatui placebat, nempe ut Bernenses primo quoque tempore legationem istam communi Quatuor civitatum
nomine obirent.
Itaque, quoniam ea re tam subito, ut putabamus, confecta satis   spatii nobis relictum videbatur tentandis praeterea vicinorum animis, qui possent Bernensibus in aula satis tempestive sese coniungere, profecti sumus Basilaea alii quidem ad comitem Montpelgardensem, alii vero Argentinam versus, ut quam minimum morae interponeretur.
Comes quum nobis esset omnia perbenigne pollicitus, fuit in ea sententia, ut, dum Helvetii priores cum rege agerent, solicitaremus alios etiam Germanos
principes ac praesertim eos, a quibus Pharao ille nova auxilia hoc ipso tempore postularet.
Idem etiam Argentinensibus placuisse postea cognovimus, qui nos praeterea commonefecerunt, si Melanchthonem et alios theologos Wormatiae coactos conveniremus et literas ab eis commendatitias obtineremus, fore ut ea res caussam nostram apud principes plurimum adiuvaret.
Onusti igitur comitis et Argentinensium literis Wormatiam imus.
Occurrit in via marchio Badensis ille non ita pridem evangelium amplexus.
Ad quem etiam quum literas haberemus, libuit illum salutare.
Is vero quum nos humanissime audisset, literas nobis ad Wirtebergensem dedit et omnia se fratrum caussa facturum promisit.
Inde quum Wormatiam venissemus, Gienensibus et Magdeburgensibus iam profectis d.
Philippum et alios salutavimus.
Qui quum totum pene diem partim in colloquutione partim in scriptione consumerent, totos tres dies domino, ut rei exitus ostendit, ita disponente nos retinuerunt.
Erant autem isti omnino d. Philippus,
Brentius, Dillerus, Pistorius, Marpachius, Andreas, Kargius.
Tandem facta nobis dicendi potestate quum adventus nostri caussas intellexissent et inter se contulissent: "Nos", inquit d.
Philippus, "optimorum et charissimorum fratrum vicem ex animo dolemus, et, quantum in nobis situm est, illis laborantibus adesse constituimus; mallemus tamen eos privatim per domos duntaxat convenire neque ullos coetus nocturnos probamus, et quod ad coenam domini attinet, suademus, ut fratres, qui illic sunt, vel
ab ea prorsus abstineant vel in iis locis petant, ubi libere potest ac solet administrari.
Caeterum, etsi nobis persuasimus vos pro vere piis et christianis fratribus interpellare, tamen brevi aliqua confessione nobis opus est, quam ad nostros principes mittamus, ut liquido cognoscant nos pro eiusdem prorsus religionis fratribus deprecari.
Nam quod attinet ad articulum de coena domini, qui vos fortassis remoraretur, nos de ea re ita scribemus, ut principes intelligant nostras ecclesias propterea
diversas a vestris non esse."
Haec ille in summa.
Nos vero collatis capitibus, etsi quod ad illos coetus attinet, quos non probabant, idonea responsa habebamus, tamen tota illa parte praetermissa, quum gratias illis egissemus, tantum de confessione respondimus: Nos quod de ea re nihil essemus suspicati, nullam paratam habere, rogare vero ut pro confessione acciperent Calvini catechismum octo linguis editum, ut qui soleat in peregrinis omnibus ecclesiis doceri.
Tum denuo d. Philippus: "De re ipsa, inquit, non laboramus, scimus
enim vos eandem doctrinam tueri, sed breve tamen aliquod scriptum vobis texendum est, quo praecipua capita paucis attingatis, ut variis calumniis et rumoribus occurratur, utque principibus et aliis quibusdam fortasse difficilioribus satisfiat.
Legistis procul dubio Augustanam confessionem et alteram quoque a nobis Tridentino concilio exhibitam.
In illis non putamus vos quicquam damnare, quod ad res ipsas attinet, quamvis in articulo de coena domini nonnullae adhuc controversiae haereant.
Non estis certe Anabaptistae, aut Stencfeldiani, aut Papistae nec rem sacramenti tollitis, et antea vobis diximus, quid in ea re simus facturi." Respondimus nos consilium capturos et postridie, quum rursum convenissemus, breve illud scriptum eis exhibuimus, cuius ad vos mittimus exemplar idque Gallicarum duntaxat ecclesiarum nomine.
Speramus autem illud, sicut est ab eis acceptum, ita vobis quoque non ingratum fore.
Nam in tanta brevitate et temporis angustia nihil potuimus copiose persequi, et omnia
studuimus ad pacem et concordiam, sine ullo tamen veritatis praeiudicio, accommodare.
Itaque acceptis eorum communibus liteirs ad Lantgravium, Palatinum, Wirtebergensem et Bipontinum, recta Marpurgum contendimus.
Ibi a Lantgravio patre ac eius filio humanissime accepti et auditi, responsum tulimus eximiae pietatis plenum.
Inde Heidelbergam ad Palatinum ascendimus, qui nos suorum nobilium mensa dignatus,  nobis a prandio ad se vocatis, per interpretem (nobiscum enim ipse loqui non poterat)
significavit sese paulo ante adventum nostrum de hac ipsa re quam aliunde accepisset iis verbis ad regem scripsisse ut suas literas putaret ad frangendos istos impetus aliquid momenti habituras.
Se tamen omnino velle cum reliquis principibus legationem primo quoque tempore mittere et quoniam arbitretur fore, ut onus instruendae legationis in se reiiciatur, sese spatium trium dierum petere ad deliberandum, ut pleno accepto responso ad Wirtebergensem et Bipontinum iremus.
Hic vero nobis aliquamdiu
obstitit quidam non parvae authoritatis homo, ex eorum numero qui nos libenter vel ipsi Satanae traderent, si id esset in ipsorum potestate.
Sed tamen bonae caussae boni patroni non defuerunt.
Ita vicit tandem veritas et septimo demum die optimo accepto responso Stukardiam perreximus.
Inde ad Thermas Ferinas<f1>Wildbad im Schwarzwald (Baden-Württemberg).</f1> ubi tum forte Wirtebergensis cum affine Brandeburgensi venabatur.
Hic vero, ut est humanissimus, et quantum quidem cognoscere potuimus, in obeundis negotiis longe diligentissimus, quamvis
ingentem chartarum molem ad eum attulissemus, tamen omnibus ante noctem perlectis (veneramus autem sub coenam) prima luce nos absolutos domum redire iussit.
Hoc enim onus, inquit, in me libens recipio, daboque operam, ut omnes legati brevi Monpelgardum conveniant, indeque recta cum certis mandatis ex animi vestri sententia ad regem contendant.
Quod autem ad Bipontinum attinet, quoniam, inquit, cogeremini satis procul deflectere, nec dubito de ipsius voluntate, hoc quoque negotium scitote me
diligenter curaturum.
Ita, venia ab eo accepta, brevissimis itineribus Argentinam, inde Basilaeam et domum tandem singuli, dei gratia, salvi et incolumes pervenimus.
Haec est nostrae legationis summa, cuius exitum superest ut assiduis precibus deo commendemus.
Caeterum quoniam a vobis discedentes polliciti eramus, curaturos nos, ut nostra illa confessio plenius explicaretur, ne hoc quidem est a nobis praetermissum, quum diserte scripserimus, nos articulum coenae excipere, ita ut est in Augustana confessione positus.
Sed et arrepta hac occasione sumus et cum illis simul omnibus theologis, et cum plerisque illorum de pace ac concordia colloquuti.
Comperimus autem tria omnino esse in quibus non omnes quidem sed tamen aliqui a nobis dissentiant, sed
placide tamen ac moderate.
Unum est, non quae sit res sacramenti (iam enim convenit inter nos Christum ipsum cum suis donis in coena nobis communicandum offerri) sed quae sit signi cum re coniunctio, id est, panis cum corpore et vini cum sanguine.
Volunt enim illi corpus cum pane, in pane sive sub pane esse, nos autem in coelis esse dicimus, et tamen non impedire locorum distantiam, quin fidei sit praesentissimum, et vere nobis communicandum offeratur, vereque a fidelibus per fidem, spiritus sancti virtute
incomprehensibili, percipiatur.
Alterum est: non an infidelibus etiam res offeratur (convenit enim inter nos perfidia hominum non evacuari sacramenta) sed an infideles quoque rem oblatam percipiant.
Hoc enim illi aiunt, quia rem cum signo copulant individuo quodam nexu, nos vero dicimus promissiones sive nudas sive sacramento vestitas, ipsum scilicet Christum cum suis donis sola fide percipi, ac proinde illos qui hoc instrumentum non afferant ad hanc actionem reos fieri corporis et sanguinis domini, oblati quidem sed non
percepti, imo vero contempti ac conculcati.
Tertium est: quae sint glorificati corporis dotes, et quomodo ascenderit Christus in coelos simulque sit nobiscum usque ad consummationem seculi.
Et sunt quidem ista, ut multo melius nostis quam ego, maximi ponderis ac momenti, sed tamen, si de prima quaestione semel convenerit, reliquae duae per se dissolventur, et necessario evanescent et ubiquitatem illam spero perpaucos patronos inventuram.
Cur autem id sperem, eas caussas habeo, quas malim vobis praesens explicare, certe neminem invenimus qui nostram illam confessionem nobis quasi nostrae consensioni repugnantem obiiceret, aut qui aliter eam acceperit quam sit a nobis, id est, a d.
Farello et a me scripta et nuper plenius vobis explicata.
Quod si qui ex praefractioribus illam posthac nobis obiecerint, nostrum nempe fuerit illam interpretari: quod quidem ita faciemus, si sit opus, ut eam liquido appareat non modo pro illis non facere, sed aperte etiam illa superiora errata convellere.
Sed multo meliora spero.
Nam, ut paucis absolvam, comperimus candidissimum in illis animum, quorum summa est optimo iure apud omnes doctos authoritas, eaque ex ipsorum ore verba audivimus,
quae spem nobis optimam faciant, non tantum synodi, nisi per nos steterit, sed etiam concordiae ac pacis futurae.
Tantum enim abest ut summa illa quorundam <lang lang="gr">apotomia</lang> doctiores ac moderatiores alios vel nobis infensiores, vel ad sanctum aliquod colloquium minus propensos reddiderit, ut contra multo etiam videantur pacis ecclesiarum studiosiores, quam unquam antea, vel hoc nomine, ut illi mutuo saltem nostro consensu ad mitius aliquod consilium adducantur.
Neque sunt in hac voluntate theologi duntaxat saniores, sed iam etiam ex piis maximisque principibus non pauci, quantum ex multis argumentis praesentes cognovimus.
Illud certe non dubito vobis ut certissimum confirmare, Francfurtensem conventum, anno superiore habitum, ob eam etiam caussam aliquamdiu dilatum et postea productum, quod princeps ille, cuius Farellus et ego vos meminimus, quum ex priore legatione reverteremur, fore speraret ut aliquis illic superiorum ecclesiarum nomine, sicuti
rogarat, compareret, quicum ageretur de ineundae concordiae ratione aliqua constituenda.
Etsi autem nemo ex nostris illuc missus est, quod utinam esset factum, tamen ex piorum principum consensu scio fuisse constitutum, ut, finito Wormatiensi colloquio, rursum ipsi conveniant, et ad eum conventum superiores etiam ecclesiae commoda et honesta aliqua ratione invitentur.
Quae quum ita se habeant, et mirabilis dominus eorum consilia dissiparit qui nos perditos voluerunt, aliorum autem voluntates ad pacem non parum inclinarit, videtur sane afflicta dei ecclesia quasi voce sua singulos nostrum hoc tempore expergefacere, idque a nobis pro suo iure postulare ut pro se quisque modis omnibus hoc negotium iam nunc apud eos urgeat, quorum voluntate et authoritate totam hanc actionem suscipi et administrari par est.
Certe si ab iis invitati, quos etiam a nobis rogatos
oportuit, venire recusaverimus aut simile pacis desiderium non attulerimus, non video qui possimus coram deo istorum procul dubio consiliorum duce et authore, coram tot infirmorum conscientiis, coram tot peregrinis ecclesiis, quae isto praesertim praetextu crudelissime vexantur, tam supinam nostram tarditatem excusare.
Sed minime necesse est ad eam rem pluribus vos adhortari, quorum doctrinam cum sigulari pietate ac prudentia coniunctam certum est ecclesiae dei tam necessario tempore minime
defuturam.
Itaque de his hactenus dictum esto.
De Wormatiensi colloquio omnes qui actioni intersunt iurarunt silentium.
Scriptis agitur non voce et singula utrinque scripta suis scriptis recondita servantur ut tandem ex collatione feratur iudicium.
Sed quodnam tandem illud erit, et qui sedebunt iudices? Saxones illi petierunt ut ante congressum communi piorum consensu damnarentur Maioristae Adiaphoristae, Osiandristae, Zwingliani.
De tribus illis plana fuit responsio.
Nam Maior iam pridem satisfecit omnibus, praeterquam istis: Adiaphoristas
ipsi sibi confingunt, quorum principem non audent nominare, quem tamen in ista accusatione praecipue petebant.
Osiandri haeresis satis est communi ecclesiarum consensu et libris etiam editis explosa.
De iis quos Zwinglianos vocabant ita responsum ab aliis, tum principum legatis (puta Augusti, Palatini, Lantgravii, Wirtebergensis et aliorum aliquot), tum etiam ab iis theologis quos convenimus, nimium intempestive dissidia ista renovari, se non esse ecclesiarum iudices, nec ad illas, indicta
praesertim caussa, damnandas convenisse, studendum potius paci, et sedandis discordiis inter pios et eruditos homines quaerendum modum.
At illi non modo non acquieverunt, sed etiam nostra damnatione scripta, et, ut audio, apud adversarios deposita, discesserunt.
Quid moliantur satis apparet, et iam etiam expertus est Philippus, ad quem satis aspere Danorum rex et Augustus ipse rescripserunt, ut ex ipsius ore intellexi.
Sed ista sunt nimirum Satanae consilia, sibi a futuro illo, quod speramus,
colloquio non parum metuentis.
Dominus illum compescat et fortem animum suggerat piis principibus, ut in sancto illo suo proposito perseverent, et dissidiorum authores communi consilio coerceant.
Interim adversarii, arrepta hac ipsa occasione, magis ac magis tergiversantur.
Nostri contra instant, negantque principes sese vel obolum posthac, nisi pergat colloquium, regi daturos.
Dum haec disceptantur d.
Philippus, cum genero, prorsus exhaustus, et ex uxoris morte valde tristis, Heidelbergam
venit, quum ibi essemus, ut animum recrearet, statim Wormatiam rediturus.
Dominus illum tam necessario tempore conservet.
Quis sit futurus eventus istius colloquii nescio.
Nostri certe nihil inde boni audebant sperare.
Porro Lutetia haec accepimus.
Tres primum combustos mense septembri, in quibus erat matrona quaedam et genere et pietate valde nobilis fidem ad extremum usque spiritum professa signis omnibus, quum abscissa lingua et ardente face pudendis ipsius turpissime ac crudelissime iniecta, torreretur.
Hos tres secuti sunt paulo post alii duo fortissimi athletae, et tandem etiam duo alii 23. die octobris, in quibus unus erat prorsus iuvenis, cuius et doctrina et constantia incredibilis saevissimos etiam
carnifices valde perculit.
Ab eo tempore audimus perlectis Palatini literis datas aliquas iudiciorum inducias.
Captivorum plerique fortissime pergunt, adeo quidem ut quae inter omnes captivas foeminas et nobilitate generis et amicorum copiis excellit, oblatam a rege veniam plane repudiarit, sui etiam et parentis et viri preces et lachrymas aspernata, digna certe quam nominatim domino commendetis.
Vocatur domina de Rentigny, ex mariti nomine, qui vexillum gerit d.
a Guisa.
Patrem habet d.
a
Rembolleto, in cuius arce Franciscus rex diem suum obiit.
Det illi dominus ad finem usque perseverare.
Ecclesia nihilominus convenire solet, sed non ita frequens, plerisque per alias ecclesias dispersis.
Sed ministri sane fortiter custodiunt gregem, inter quos adhuc Galasius noster versatur.
Helveticos legatos tandiu illic manere, Germanos ta(m)diu cunctari miramur.
In Arvernia et Provincia duae ecclesiae ex Andusae ruinis excreverunt, ad quas etiam ministros misimus.
Tholossa peste et fame
vexata crudelitatis suae dat poenas.
In Pedemonte miro successu progrediuntur.
Haec sunt, charissimi et observandissimi patres ac fratres, quae vobis hoc tempore scribenda putavi.
D(ominus) Iesus sancto suo spiritu vos confirmare et sanctis vestris laboribus benedicere magis ac magis pergat.
Omnes collegae vobis gratiam et pacem a domino precantur.
Valete etiam atque etiam in domino.
Lausanae 24. nov.
<signature>Th. Beza, vestrae pietati addictissimus.</signature>
<address></address>
</content>
</letter>