<?xml version='1.0' encoding='UTF-8'?>
<letter id="27240" year="1557" lang="lat gr">
<correspondents>
	<originator>Philipp Melanchthon</originator>
	<addressee>Bullinger</addressee>
</correspondents>
<space_time>
	<place></place>
	<date>5. Oktober [1557]</date>
</space_time>
<record>Zürich StA, E II 359, 2961. / Orig.(Aut.)</record>
<print></print>
<statue></statue>
<content>
S. D. Reverende vir et carissime frater.
Cum non perfecissent nostri collegae, ut condemnationem vestrarum ecclesiarum comprobaremus, seiunxerunt se a nobis et eam privatim exhibuerunt <lang lang="gr">tv brabeytH</lang> Iulio, a quo petiverunt, ut
publice in consessu recitaretur.
Fuit autem ea moderatio <lang lang="gr">toy brabeytou</lang>, ut recitari eam in concessu noluerit.
Postea hinc illi discesserunt.
Nunc igitur, an inchoata collatio processura sit, dubitamus.
Quicunque autem eventus erit, spero sapientes viros
nostram contationem non improbaturos esse, quod noluimus statim re non disputata nec explicata, confirmare pontificum idola et parricidia.
Sed precor filium dei, ut nos gubernet.
Bene et foeliciter vale.
Die 5. octobris.
(a.R. v.a., Bull.s? Hd.
: 1557)
Salutem opto vobis omnibus ac nominatim Petro Martyri et Lelio.
Philippus.
Reverendo viro eruditione et virtute praestanti d.
Henrico <lang lang="gr">boylierw</lang>, fratri suo carissimo.
</content>
</letter>