<?xml version='1.0' encoding='UTF-8'?>
<letter id="27297" year="1557" lang="lat">
<correspondents>
	<originator>Engelbert Milander</originator>
	<addressee>Bullinger</addressee>
</correspondents>
<space_time>
	<place>Augsburg</place>
	<date>25. November 1557</date>
</space_time>
<record>Zürich StA, E II 345, 441. / Orig.(Aut.)</record>
<print></print>
<statue></statue>
<content>
Salutem et pacem a domino Christo.
Letor ex animo illum diem mihi illuxisse, quo rursum in notitiam tui veni.
Dicerem me acri reprehensione dignum esse, si mea culpa factum esset, quod ea notitia iam totum ferme decennium intermissa in oblivionem abiit.
Postquam Tiguro discessi, aliquot annos varie misereque hincinde per Germaniam agitatus fui, eo quod nullam conditionem nisi conscientia mea dignam accipere voluerim.
Itaque meliorem expectans fortunam partim in academiis ad adipiscendum summum
in artibus gradum ex meo patrimonio, partim ex typographico opere vixi.
Tandem vero veni Augustam,  quo fato autem id mihi cesserit, nescio, nisi si coniectare mihi libeat, illud mihi aufulgisse[aufugisse?], quod me simili casu olim Tigurum ad vos ad imbibendum salutiferam Christi doctrinam, nunc Augustam quoque ad nanciscendum victum deduxit.
Quamvis hic manere minime mecum constitui, eo quod certam conditionem non habeam neque me habiturum sperem.
Theolongi enim nostri (theologi dixeram) neminem, nisi
suarum partium sit, admittunt.
Mihi tamen gratia divina amicos paravi, quorum consilio et opera ad alia emergere possum, si me hinc extruderent.
Deus det illis furiosis et rabidis Saxonibus mentem meliorem. Amen.
Haec et similia ante annos quatuor apud dominum nunc doctorem iuris Raphaelem Seyler, Gerionis, medicinae doctoris, filium in Galliam euntem ad d.
Rodolphum Gvalteri scripsi simul quo gratias perpetuas pro multis eius aliorumque in me collatis beneficiis et egi et habui.
Cum mihi
non responderet cogitabam mecum eum non solum multis gravioribus negotiis esse impeditum, sed etiam ei non tempus reliquum esse, ut omnibus ex vario genere nationum hominibus, qui nobilitate, virtute, eruditione aliisque dignitatibus ita me antecellunt, ut ego me eorum umbra non dignarer, ideoque eum non immerito meas literas impolitas et plane rudes, taceo humanitatem meam spernere.
Idem ne mihi ab aliis doctis eveniret, mecum statueram cum mei similibus humi repere.
Verum tamen hoc tibi de me
affirmare debes me semper et in perpetuum gratum erga omnes Helvetios gessisse animum, quorum candorem ingenuum et pium ecclesię atque reipublicę institutionem apud omnes, cum quibus vixi, semper praedicaverim et exornaverim.
Sed quod tu ultro me tuis literis dignum iudicas, mihi quasi stuporem iniecisti, ut nesciam, qua reverentia eas debeam exosculari.
^$Angustia temporis et reverentia erga te me prolixiorem esse non patitur; nam eadem ferme hora, qua filius tuus Christophorus tuas mihi
reddidit literas, has repetiit.
Alterum tuum filium N., qui Viennę est, singulis horis cum summo desiderio expecto; is si venerit, cum, quae ex me ad te referri velim, communicabo.
Alter ille tuus Christophorus talibus moribus atque virtutibus ornatus est, qualibus ingenuus adolescens esse debet.
Vix ei persuadere, imo cogere potui, ut me semel domi meae inviseret; tantus in eo est pudor; sed cum simul limen ingressus, sic ei placui, ut nunc ultro, quoties per ocium licet, veniat.
Hoc, operam
dabo, ut ei non inutile, tibi non ingratum sit.
Vale optime in Christo, qui te in salutem ecclesiae suae diu conservare velit.
Datę Augustae ex ędibus Haugianis 25. novembris anno salutis 1557.
Observantissimus tui Engelbertus Milander Hadamarius.
Reverendo viro pietate et eruditione excellenti Henricho Bullingero, urbis Tigurinae pastori primario, domino suo observantissimo.
^$Zurch.
</content>
</letter>