<?xml version='1.0' encoding='UTF-8'?>
<letter id="28084" year="1558" lang="lat">
<correspondents>
	<originator>Matthieu [=Mathieu] Coignet</originator>
	<addressee>Bullinger</addressee>
</correspondents>
<space_time>
	<place>Solothurn</place>
	<date>23. Juni [1558]</date>
</space_time>
<record>Zürich StA, E II 368, 404. / Orig.(Aut.)</record>
<print></print>
<statue></statue>
<content>
S. Excusabam negocia, que a scribendo impediverunt; spero etiam me brevi ad vos profecturum et nos posse multis de rebus colloqui.
Nescio, quid d.
S. Laurentii ad te scripsit de eis literis, quas ad me scripseras, que in optimam partem semper sum interpretatus.
Tu per hunc, quem ad Rhetos mitto, ad me scribes.
Salutat te uxor.
Amicos communes salutabis.
Bene vale.
Soluturi 23. iunii raptim.
<signature>Tuus ex animo Coignetius.</signature>
D. Henricho Bullingero.
</content>
</letter>