<?xml version='1.0' encoding='UTF-8'?>
<letter id="28132" year="1558" lang="lat">
<correspondents>
	<originator>Matthieu [=Mathieu] Coignet</originator>
	<addressee>Bullinger</addressee>
</correspondents>
<space_time>
	<place>Baden</place>
	<date>20. Oktober [1558]</date>
</space_time>
<record>Zürich StA, E II 368, 445. / Orig.(Aut.)</record>
<print></print>
<statue></statue>
<content>
S. Litteras ad te mitto scriptas a d. S. Laurentio [Bochetel, qui nunc episcopus est. D. conestabilis data fide venit ad regem, et nunc deputati ab utrisque principibus tractant de pace, de qua nihil audeo affirmare multas ob causas.
Exercitus Philippi pedem retulit itinere trium miliarium et, qua die recessit, temporis iniuria duo millia hominum desideravit et mille equos.
Spero intra triduum me te visurum, et coram pluribus agemus.
Interim bene vale.
Salutabis amicos omnes.
Badene 20.
octobris summo mane.
<signature>Tuus ex animo Coignetius.</signature>
Doctissimo theologo d.
Henrico Bullingero, amico singulari.
[v.a.Hd.]
</content>
</letter>