<?xml version='1.0' encoding='UTF-8'?>
<letter id="29139" year="1559" lang="de">
<correspondents>
	<originator>Johannes Fabricius</originator>
	<addressee>Bullinger</addressee>
</correspondents>
<space_time>
	<place></place>
	<date>[zu 4. September 1559]</date>
</space_time>
<record>Zürich StA, E II 378, 1772. / Orig.(Aut.)</record>
<print>Graub. II,  156 R.</print>
<statue></statue>
<content>
Cum literas consignassem, haec insuper comperi:  Illa signa, quae scripsi detenta esse et remissa in Pedemontem, nunc denuo dimissa sunt, forte quod novus rex omnia foederis capita rata habeat.
Jetz mitwoch hat die straal<f1>Blitz.</f1> im Thumläschk 46 rinder uff eim huffen ersteckt; dan die rinder sind zuͦsamen geloffen, als das wätter angangen ist.
Gregorius Carlin hoc vesperi pro certo affirmavit pontificem mortuum.
<timestamp></timestamp>
<signature></signature>
<address></address>
</content>
</letter>