<?xml version='1.0' encoding='UTF-8'?>
<letter id="30190" year="1560" lang="lat">
<correspondents>
	<originator>Georg Cassander</originator>
	<addressee>Bullinger</addressee>
</correspondents>
<space_time>
	<place>Köln</place>
	<date>20. Oktober 1560</date>
</space_time>
<record>Autograph: Zürich StA, E II 338, 1587.; Paris 1616, S.1114-1117.; [Zürich ZB, III N 16 / Gul T2  31].</record>
<print>Gedruckt: Georg Cassander, Opera quae reperiri potuerunt omnia, epistolae CXVII et colloquia II cum anabaptistis nunc primum edita.</print>
<statue></statue>
<content>
Aliquoties iam abs te literas accepi, vir excellentissime, humanitatis [...] pietatis plenissimas, quibus cur tardius respondeam, causas habeo aequiores quam velim, nisi ita divinae providentiae visum esset.
Vix enim ullum mihi tempus ab adversa valetudine vacuum est: nam magnam temporis partem morbis affligor, [...] sedato utcumque morbo infirmitas [...] debilitas manet, quae omne studium, [...] ingenii contentionem aut prohibet omnino aut reprimit; vel hac aestate hebdomadas aliquot e pedibus decubui, podagra
nempe, quam tamen omnes iniuste mecum, hoc est, cum hoc tenui, ieiuno, [...] exsucco corpore agere iudicant, quae crassos tantummodo [...] bene faginatos invadere quodam quasi suo iure solet, a quo pedum dolore nondum omnino immunis sum.
Ad haec cum per morbum utcumque licet, soleo per aestatem locum mutare, [...] nunc Duisburgi in Clivia, nunc Bonnae supra Coloniam animi causa morari, quo fit, ut aestivo tempore rarius sim Coloniae.
Itaque priores hae tuae literae per Iulium Hispanum virum integerrimum, [...]
nobis perquam familiarem qui de tua humanitate singulari multa nobis commemoravit, redditae sunt mihi Bonnae sub tempus nundinarum Francofurdiensium, ex quo loco statim tuas literas ad nobilem illum Fesulanum transmisi.
Alteras eiusdem fere argumenti per Ioannem Birkmannum eodem in loco accepi.
Reversus autem sub finem vindemiarum Coloniam commodum hic Fesulanum illum reperi, qui mecum, [...] tuas literas, [...] negotium illud matrimoniale tibi notum communicavit, literasque iam ad tuam excellentiam
negotium illud spectantes scribit, quo in negotio obsecro quoque tuam pietatem, ut diligentiam omnem in eo tractando adhibeas: Est enim arduum quidem [...] perplexum non tam fortassis in se, quam ob ingenia eorum ad quos illud pertinet.
Quod si per tuam prudentiam componere [...] conficere possis, vix credas quam pręclaram rem perfeceris.
Nam hae tres personae, quae hanc fabulam agunt, misere hactenus torquentur, cum [...] aetas, [...] ipsorum parentes huius rei ignari matrimonium omnino exigant, [...] nemo
hactenus propter conscientiam matrimonium inire ausus sit cum summa nonnullorum offensione: Itaque hac causa feliciter composita, res ex incerta [...] perturbata summo multorum cum gaudio tranquilla [...] pacata reddetur.
Ad me autem quod attinet, ego pro ingenii tenuitate, [...] valetudinis incommoditate in hac acerbissima [...] odiosissima conflictatione partium versor, atque aequo in utramque partem animo post divinas literas, veterumque quoque sententiam, qui neque ut suspecti iudices merito recusari, neque
corruptae [...]  depravatae religionis iure incusari possunt, inquiro: Video enim hodie nimio studio partium iudicii libertatem non parum impediri.
Quod de Graecis aliquot libris, qui apud nos sunt, te audisse scribis, nihil tale est: sunt quidem permulti apud nos vetusti [...] manuscripti libri magno studio a d.
Cornelio patrono meo conquisiti, quorum plerique aut historias, aut officia ecclesiastica, quae media aetate in usu fuerunt, continent: Graece autem nihil praeter
liturgiam Iacobi, quae nunc
typis excusa est Parisiis, [...] vobis haud dubie visa.
Opto  ibi et collegis tuis ut in negocio ecclesiae Christi sedulo et fideliter peragendo diu incolumes daberetis.
E Colonia Agrippinensi, 
<timestamp>13 k. novembris anno 1560.</timestamp>
                             T[uae] h[umanitati] observantissimus, G. Cassander.
Insigni eruditione et pietate viro domino Henrico Bullingero, Tiguri verbi dei ministro, d. suo observando.
^$Tiguri.
</content>
</letter>