<?xml version='1.0' encoding='UTF-8'?>
<letter id="30145" year="1560" lang="lat">
<correspondents>
	<originator>Ambrosius Blarer</originator>
	<addressee>Bullinger</addressee>
</correspondents>
<space_time>
	<place>[Winterthur]</place>
	<date>21. August 1560</date>
</space_time>
<record>Zürich StA, E II 357a, 479 / Orig.(Aut.)</record>
<print>Bl. III,  537 R.</print>
<statue></statue>
<content>
Hoc momento hasce a fratre Thoma accipio, qui petit, ut, si ad Gryndallum scripseris, eas cum tuis coniunctas ad hunc mittas.
Mittit praeterea pasquillum de novo papatu necessario editum, quem lectum ad te mox misero, si forte dignum iudices, qui typis excudatur, quamquam non sunt forte magis irritandi isti crabrones.
<date>21. augusti 1560</date>.
<signature>T[uus] Ambr[osius].</signature>
D. Bullingero suo.
^$Tiguri.
</content>
</letter>