<?xml version='1.0' encoding='UTF-8'?>
<letter id="30187" year="1560" lang="de">
<correspondents>
	<originator>Johannes Haller</originator>
	<addressee>Bullinger</addressee>
</correspondents>
<space_time>
	<place>Bern</place>
	<date>16. Oktober 1560</date>
</space_time>
<record>Zürich StA, E II 370, 273. / Orig.(Aut.)</record>
<print></print>
<statue></statue>
<content>
S. Glaronense negotium me valde cruciat; metuo, ne de ipsis sit actum, praesertim si a nostra parte nulla sentiant auxilia.
Nicolaus a Diesbach omnia mihi exposuit.
Displicet nostris 1. das Fryburg und Soloturn auch bschriben uff den tag, 2. das die evangelischen Zuͦgwanten nitt bschriben, 3. das man zemmen sol kon und sich aber nitt erlüteren, was man thuͦn well, so man die Glarner bi recht nitt wil bliben lon.
Man meint, man schwige inen vil zlang; nahen sige es an anderen auch und bsonders an
Zürich, diewyl sy sich vil mercken laßind nitt zuͦ lyden, das so vil da truckt werde wider iren glauben.
Darum guͦt, das man inen bi zyten seite, woran es glegen.
Horum te admonere volui.
Nuper, cum cursor vester hic esset, non eram domi; nunc vix tantum datur, ut haec scribam.
Herterus heri nobiscum fuit; ostendit mihi literas Metzleri ad te, pro quo ad me etiam scribunt Blaurerus, Frisius et frater.
Ego vero nihil illi prorsus consulere possum nisi hoc: Es hatt jetz juncker Hartman von Hallwyl
ein ledige pfrund uff dem Bötzberg, da Leonhardus, Gervasii tochterman vor gsin.
Da acht ich, so er von üch dem junckeren commendiert wurde, welcher lehenherr da ist, er sölti in annemmen.
Ir mögend da vil.
Sonst weiß ich imm weder zraten noch zhelffen.
Haec propere.
Salutant te Diesbachius, Musculus, Zehenderi, quęstores etc.
Saluta tuos omnes.
<timestamp>Bernę  16. octobris 1560.</timestamp>
Hall[erus] tuus.
Clarissimo viro d.
Heinrycho Bullingero, domino suo honorando et compatri charissimo.
^$Tiguri.
</content>
</letter>