<?xml version='1.0' encoding='UTF-8'?>
<letter id="30226" year="1560" lang="lat">
<correspondents>
	<originator state="guess">Matthieu [=Mathieu] Coignet</originator>
	<addressee>Bullinger</addressee>
</correspondents>
<space_time>
	<place>Solothurn</place>
	<date>7. Dezember [1560]</date>
</space_time>
<record>Zürich StA, E II 368, 422. / Orig.(Aut.)</record>
<print></print>
<statue></statue>
<content>
S. Puto te meas accepisse, quas octo abhinc diebus ad te scripsi.
Misi una excerpta ex literis, quas ab Italia receperam.
Nunc filius intelligens esse, qui ad te proficiscitur, non potuit manum continere a calamo.
Ego etiam, ne nihil esset, quod scriberem, his indicare volui me a Redonensi episcopo literas accepisse, quibus signifficat tres potiores principes consentire de concilio Tridentino; scrupulum restare, si nova indictio fieri debeat an ultimi continuatio, quam urget pontifex.
Filiam
vult dare imperator duci Mantuano.
Regem puto convaluisse a catarro et omnia fore quietiora in Gallia.
Uxor te salutat et amicos omnes mecum.
Bene vale.
Solut[uri] 7. decembris.
<signature>Tuus ex animo [subscripsit].</signature>
Domino Henrico Bullingero, ecclesie Tigurine pastori vigilantissimo.
^$Tiguri.
</content>
</letter>