<?xml version='1.0' encoding='UTF-8'?>
<letter id="31198" year="1561" lang="lat">
<correspondents>
	<originator>Johannes Haller</originator>
	<addressee>Bullinger</addressee>
</correspondents>
<space_time>
	<place>Bern</place>
	<date>15. Juli 1561</date>
</space_time>
<record>Autograph: Zürich StA, E II 359, 3031</record>
<print>Teildruck/Zitat:Jacques V. <a>Pollet,</a> Martin Bucer. Etudessur les relations de Bucer avec les Pays-Bas, l'Electorat de Cologne et l'Allemagne du Nord, Bd. 2, Leiden 1985. - Studiesin Medieval and Reformation Thought XXXIV, S. 328, Nr. 104</print>
<statue>Regest</statue>
<content>
[...] Velsius ad nos non venit; quo abierit, nescio. Cur non patribus
Tridentinis suam offert prophetiam? Apud nos satis recte omnia habent.
^$Ex Gallia nihil audimus nisi fausta de progressu evangelii [...].
<timestamp>Bernae, 15. iulii 61.</timestamp>
<signature>I. Hall. tuus.</signature>
<address>[Adresse?]</address>
</content>
</letter>