<?xml version='1.0' encoding='UTF-8'?>
<letter id="32063" year="1562" lang="de">
<correspondents>
	<originator>Johannes Fabricius</originator>
	<addressee>Bullinger</addressee>
</correspondents>
<space_time>
	<place>Chur</place>
	<date>20. April 1562</date>
</space_time>
<record>Zürich StA, E II 376, 81. / Orig.(Aut.)</record>
<print>Gr. II,  381f. Exc.</print>
<statue></statue>
<content>
S. Novi, reverende in Christo pater, nunc nihil habemus.
Vegerius se in Praegalliam contulit mox Clavennam inde aditurus.
Existimo illius nepotem tecum fuisse.
Nos Vergerium cum bona gratia hinc dimisimus, sed hominem observavimus, et dei gratia nihildum nobis incommodavit.
Qui ex Italia scribunt, affirmant denuo pontificem vicinum morti.
Haec scripsi, antequam tuae mihi redderentur; nam cum d.
Tscharnero ad Jenins Philippus et ego ibamus.
Als ich nächermal in mynem schryben gegen ü[wer]
er[wyrd] eines tütschen schuͦlmeisters gedacht, ist hyezwüschen der handel für unsere herren einen ersamen radt kommen.
Dieselben des Lindiners uß vylen wichten ursachen zuͦm schuͦlmeister gantz nit widerumb wöllen.
Daruff myn herr burgermeister Tscharner mich ermanet, mir die sachen laßen befolchen ze syn, doch mit  dem anhang: diewyl meister Hanß Lindiner so grob gefält, wärind myne herren nit willens, wyter fürohin umb einen anderen ze schryben, wie mit dem Lindiner beschächen; so
aber ein biderman wölte uff ir vertruwen hyehar kommen und ein prob thuͦn, wöltind sy, myne herren, syne dienst in gnaden erkennen und, so verr er froms, geflissens dings wäre, in alwäg ze befürderen gantz geneigt syn.
Derhalben so ist hyeruff myn gantz trungelich bitt an üch, mynen herren und gevatteren, ir wöllind dem handel nach synnen.
Wäre es yenen mügglich, das der fromm man, von dem ir zevor geschriben, ze bereden und uffzebringen wäre, achten ich, er wurde nit ein bösen dienst han; wo
nit, so sind doch umb gotts willen gebätten, uns umb ein anderen frommen und geflissnen ze hälffen, der wol könne schryben und nit vertruncken sye.
So üch dan ein sömlicher an die hand stieße, möchte er ein experiment schicken, und so dasselb mynen herren gefiele und er darzuͦ synes wandels von üch kundtschafft hette, möchte er hyeruff, so im von uns wyter schryben käme, sich zuͦ uns verfügen uff zyl und tag, ouch mit gedingen, wie er uß unserem schryben hören wurde.
Was ir verhoffind
ußzerichten, lassend mich im nächsten schryben, so ir ächter geschäfften halb könnend, uff fürderlichest wüssen; könnend wir uns deßselben halten.
Haec hucusque, reverende pater, ante octiduum.
Interim mihi tuae redduntur, quae nos de afflicto Galliae statu erudiunt.
Illud nuncium me valde perculit, nec video mali medicinam alibi quam in unius solius dei clementia.
Multa sunt, quae me angunt.
Communicavi cum consulibus, communicabo et cum d.
Carlino, cuius authoritas in regiis negotiis apud nos longe maxima.
Nuper apud illum essem, coram multa; ipse sancte affirmabat Gallum nec debere sperare foederis instaurationem nec militem, nisi prius
nostris de voluntate erga religionem constaret.
Nunc tanto magis vigilandum.
Percuperem principem Condensem ad nostros quoque scribere, non propter evangelicos tantum, sed et papistas, ne haberent occasionem calumniandi eius, quasi regi insidiaretur, sed omnibus constaret eum vim a se repellere Guisianorum, qui apud nostros longe maxima laborant invidia.
Sed ubi interim Bäza aut in quo versatur discrimine? Te vehementer rogo, mi pater, ut singula quaeque de Galliae statu ad nos perscribas; facis
operae pretium experierisque me et caute et cum fructu apud fidos collocare; nam ne minima quidem momenta in tam gravibus deliberationibus sunt negligenda.
Utinam vero tam auspicati evangelii, de quo scribis, nuncius esse potuissem; certe pontifice hoc mortuo inciderentur nervi istiusmodi hominibus.
Interim tamen nihil certi audimus; expecto, quid Clavenna nuncietur.
Novi quoque praeterea nihil.
Quod tuum scriptum non prius remisi, in causa fuit tabellionis Tigurini mora; sed et exscribendum fuit.
Expecto hodie tabellionem, qui ubi haereat tam diu, nescio.
Vale, pater in Christo reverende.
<timestamp>Curię, 20. aprilis anno 1562</timestamp>
<signature></signature>
<address></address>
</content>
</letter>