<?xml version='1.0' encoding='UTF-8'?>
<letter id="33120" year="1563" lang="lat">
<correspondents>
	<originator>Bullinger</originator>
	<addressee>Johannes Calvin</addressee>
</correspondents>
<space_time>
	<place>Zürich</place>
	<date>27. August 1563</date>
</space_time>
<record>Zürich StA, E II 342a, 458. / Orig.(Aut.)</record>
<print>Ep.Calv. 4012 (XX, 139f)</print>
<statue></statue>
<content>
S. D.  De Brentii et ducis eius conatibus librisque in Galliam
missis monui tuam pietatem proximis meis literis.
Nunc valde sum
anxius propter fratres in Gallia, ne quid eis accidat adversi;
Lucernae enim in vicinia nostra novus conscribitur miles in
Galliam ducendus.
Multi metuunt lanienam parari fidelibus; multi
aiunt recrudescere bellum Gallo- Anglicum.
Sunt, qui dicunt regem
Lugdunum venturum.
Ego, quid sit, minime cogitare, nedum dicere
possum; moneo saltem mature, quod miles Lucernae conscribitur.
Tu
pro tua vigilantia fac, ne hoc ignorent viri primores in Gallia
et illi, quos haec scire refert.
Si frustra anxius sum, condona
hoc mihi; ego certe Galliae ecclesias amo et has monere non
desinam, amabo perpetuo.
Bene vale.
<timestamp>Tiguri  27. augusti 1563.</timestamp>
Festinantissime.
                                                           Tuus
<signature>Bullingerus.</signature>
Salutant te fratres et sym[m]stae omnes.
Saluta d.
Baezam, d.
Ionvilleum et caeteros.
Clarissimo viro d.
Ioanni Calvino, Genevensis ecclesiae ministro
fideli, domino meo colendo et fratri charissimo.
Genff.
</content>
</letter>