<?xml version='1.0' encoding='UTF-8'?>
<letter id="33083" year="1563" lang="de">
<correspondents>
	<originator>Johannes Fabricius</originator>
	<addressee>Bullinger</addressee>
</correspondents>
<space_time>
	<place>Chur</place>
	<date>30. Juni 1563</date>
</space_time>
<record>Zürich StA, E II 376, 40. / Orig.(Aut.)</record>
<print>Gr. II, 449 Exc.</print>
<statue></statue>
<content>
S. Reverende pater, hoc vesperi a deambulatiuncula domum reversus
in mensa d.
Martinengi literas offendi; quod autem esset, qui
perferret, subito his meis inclusi, non exscripsi, nec quidem
vacabat.
Tu ergo aliquando remittes exemplar.
Res est parvi
momenti, fateor; sed singula haec collecta iuvare tamen aliquid
possunt.
De rebus Gallicis valde anxie expectamus, quid
scribatur.
Condensisne bene se gerit? Varia sparguntur.
Quid cum
Anglis agitur, quibus parva gratia relata videtur? Equites
Germanos redisse scimus; stipendium illis debetur trium mensium;
principes Germani dicuntur interposuisse suam fidem.
Hodie multa
contuli cum equite, mit einem schwartzrüter, ist sonst uß den
Pündten.* (*Zusatz a.R.:  .....l  schütz . . . . . . . den . . .
. [noc]h nit [ge]heylet; [er hat si]ch hye laßen [ver]binden.")
Omnia retulit bona fide, quorum et pars fuit, prout ad nos
hactenus perscripta sunt; iucunda fuit narratio.
Er ist under dem
bluͦttfan gesyn, ein einspänniger; sagt von einem Züricher, uͦli
Müller genant, so ouch ein einspänniger gesyn, cuius fortitudinem
praedicat; uͦli Müller ist mir nit bekant.
Bezügets gantz hoch
und thür, das man zevor die kürisser und reisigen erleyt, ee und
man die Eidgnossen angriffen.
Darum, als ich im laß ir schryben
an die 5 Ort naach gethoner schlacht, in dem sy meldend, wie sy 2
stund allein gestanden etc., was es im gar seltzam und frömbd.
Non videtur vanus.
De Beza mihi multa ultro, cuius concioni
pluries interfuit; nam Gallice callet.
Sonst sagt er, das die
Brunschwyger einen predicanten habindt gehept von Oberen-Baden uß
Eidgnossen, ein wolberedten man, sol heissen Johannes, den
zuͦnammen kont er nit.
Caetera omnia ita retulit, ut appareat
omnibus interfuisse; dan er der ersten gesyn, so zuͦ Orliantz
gelägen.
Der von Portian sol sy beleytet han biß uf Lütringen und
inen daa abdancket; die ußstenden söld sol man inen zuͦ Cöln
erlegen uff Michaelis künfftig.
Haec et alia plura.
Vale, reverende pater, cum tuis omnibus quam felicissime.
Tua
omnia mihi sunt reddita; habeo gratias maximas.
Hęc subito Curię pridie calendas iulias nocte anno 1563.
                                                            Tui
observantissimus F[abricius].
Amplissimo viro d.
Heinrycho Bullingero, d.
suo et in Christo
patri reverendo.
Tiguri.
</content>
</letter>