<?xml version='1.0' encoding='UTF-8'?>
<letter id="34167" year="1564" lang="lat">
<correspondents>
	<originator>Konrad Gessner</originator>
	<addressee>Bullinger</addressee>
</correspondents>
<space_time>
	<place>[Zürich]</place>
	<date>[Nov. 1564 - Nov. 1565]</date>
</space_time>
<record>Zürich ZB, FA Gessner 1516. 1, Nr.3 / Orig. (Aut.) (ohne Siegel) Ungedruckt.</record>
<print></print>
<statue></statue>
<content>
S. Habeo nunc dei gratia, cl[arissime] d.
Bullingere, paulo melius.
Mitto ad te Fabricii literas.
Legatus etiam Curia ad me scripsit.
Novi nihil habere se ait,
expectare autem, ut ego aliquid scribam.
Quare cupio, d.
Bullingere, si quid habueris in crastinum, ubi vacabit, mihi communices.
Vale et ignosce semicęco iamque etiam claudo scriptori.
Tuus C. Gesnerus.
[Ohne Adresse.]
</content>
</letter>