<?xml version='1.0' encoding='UTF-8'?>
<letter id="34171" year="1564" lang="lat">
<correspondents>
	<originator>Bernhard Lindauer</originator>
	<addressee>Bullinger</addressee>
</correspondents>
<space_time>
	<place>Winterthur</place>
	<date>7. Dezember 1564</date>
</space_time>
<record>Zürich StA, E II 355, 173.</record>
<print>Bl. III, S. 836 Anm. 2.</print>
<statue></statue>
<content>
" . . . . . Cum decubuerit insciis nobis aliquot diebus, quod tam graviter, vir ornatissimus d. m. Ambrosius Blaurerus p[raeclarae] m[emoriae], frater tibi et
nobis omnibus dilectus, 13. infirmitatis die, qui erat 6. decembris, felicissime in domino obdormiens extremum obiit diem.
Morbum dissimulavit aut non admodum
sensit (ut recitarunt familiares); nullus illi fuit vel capitis vel cordis dolor; circa praecordia angustiam conquestus est; ultimo die vix potuit, quod voluit,
pronuntiare.
Nos accedentes ad visitationem omnes salutavit viscera illius; commendavit nobis curam officii et ecclesiae; multa dicere volens pauca dicere
potuit.
Tandem aiebat: [Spero me clarius dicturum et loquelam fore apertiorem aut expeditiorem.] Statim nobis discedentibus excessit e vita.
Summum tibi amicum
et fratrem et summe redamantem, sat scio, deplorabis: quam fuit syncerus et orthodoxus in religione et confessione, quam diligens olim verbi praeco et
ecclesiae pastor, quam nunc vigil in excubando et admonendo, quam honestam tui frequenter fecit mentionem! Sed desino commendare, quem tibi adeo perspectum
novi, quam tu tibi sis.
Collegas tuos vocat dominus; dabit alios et mittit quotidie.
Habes alibi, habes tecum, quibus animum aperias et studia communices; non
deseret te summus ille sacerdos et fidelium pastor.
Vale."
</content>
</letter>