<?xml version='1.0' encoding='UTF-8'?>
<letter id="35026" year="1565" lang="lat">
<correspondents>
	<originator>Bullinger</originator>
	<addressee>Johannes Fabricius</addressee>
</correspondents>
<space_time>
	<place>[Zürich]</place>
	<date>9. März 1565</date>
</space_time>
<record>Zürich StA, E II 373, 553. / Orig.(Aut.)</record>
<print>Gr. II,  581 R.</print>
<statue></statue>
<content>
S. D. Postquam priores ad te datas obsignavissem, en libellum apportat compactor.
Protinus ergo adiungo libello epistolam brevem, quam hic vides; primas enim
eius lineas hic inclusi, ut, quid scripserim, videas.
In tui gratiam scripsi alioqui nihil ad ipsum scripturus; stat igitur hoc, quicquid est, in tua manu.
Si
ita videtur, tradito illi; si non probatur, servato tibi, copiam tamen aut ipsam etiam epistolam ad me remitte; libellum dona, cui volueris.
Vale.
<date>9. martii 1565</date>.
<signature>Tuus Bullingerus.</signature>
Praestantissimo viro d.
Ioanni Fabritio, Curiensis ecclesiae ministro, domino et fratri meo colendo et dilecto.
Chur.
</content>
</letter>