<?xml version='1.0' encoding='UTF-8'?>
<letter id="38070" year="1568" lang="lat">
<correspondents>
	<originator>Georg von Stetten</originator>
	<addressee>Bullinger</addressee>
</correspondents>
<space_time>
	<place>Augsburg</place>
	<date>21. Juni 1568</date>
</space_time>
<record>Zürich StA, E II 378, 1827. / Orig. (Aut.)</record>
<print></print>
<statue></statue>
<content>
S.  Mitto ad te, domine colendissime, schedam ex qua, quae
apud nos feruntur et nuper in Belgio gesta sunt, percipies.
Mitto etiam literas d. Halleri, quas m. Schenkius rogavit ut
meis includerem. Is quoque, te plurimum ut suo nomine
salutem, rogavit.
Bene vale.
<timestamp>Datum Augustę  21. iunii anno 1568.</timestamp>
R[everentiae] t[uae] studiosissimus Georgius a Stetten.
Reverendo, pio atque erudito domino Henrico Bullingero,
ecclesię Tigurinę antistiti fidelissimo, domino et
amico suo colendo.                        Tiguri.
</content>
</letter>