<?xml version='1.0' encoding='UTF-8'?>
<letter id="39047" year="1569" lang="lat">
<correspondents>
	<originator>Celio Secondo [=Secundo] Curione [=Curio]</originator>
	<addressee>Bullinger</addressee>
</correspondents>
<space_time>
	<place>Basel</place>
	<date>27. Juli 1569</date>
</space_time>
<record>Zürich StA, E II 377, 2462. / Orig. (Aut.)</record>
<print></print>
<statue></statue>
<content>
S. D.  Scripsi proxime, quantum satis fuit, vir optime et
clarissime. Nunc visum est mihi hoc unum ad te scribere:
Minister ille Milusianus, quem Luterani illic collocarunt,
apoplexia repente mortuus est, quod quidem scribo, ut, si
fieri potest, efficias, ne talis sufficiatur, quandoquidem
antea a vobis, ut audio, ministros solebant accipere. Haec
te scire volui repente.
Vale.
<timestamp>Basileae die, 27. iulii 1569</timestamp>
Literas hasce et alias rogo ut aboleas, ne mi fraudi esse
possint.
<signature>Tuus ex animo C[oelius] S[ecundus] subscripsit.</signature>
Clarissimo viro domino Henrico Bulingero, domino et fratri
observandissimo.
Zurich.
</content>
</letter>