<?xml version='1.0' encoding='UTF-8'?>
<letter id="39046" year="1569" lang="lat">
<correspondents>
	<originator>Matthias Erb</originator>
	<addressee>Bullinger</addressee>
</correspondents>
<space_time>
	<place></place>
	<date>25. Juli 1569</date>
</space_time>
<record>Zürich StA, E II  361, 265. / Orig. (Aut.)</record>
<print></print>
<statue></statue>
<note>Nachschrift vom 27. Juli</note>
<content>
Nudiusquartus est, quod scripseram hasce literas signatas
iussu heroinę matris, quae aiebat se habere nuntiam,
quę petitura esset Tigurum. Sed mulier abiit me
insalutato. Quid illa commissi habeat, ignoro. Hinc est,
quod neglectas huic Egidio tradiderim perferandas. Nil intra
hosce paucos dies audimus, nisi quod fama crebrescit d. a
Heideck in levi conflictu occubuisse; sed vanum puto.*
(*a.R.: vgl. 25. Juli 1569.) Scis fama malum et mobilitate
viget viresque acquirit eundo<f1><a>Vergil,</a> Aeneis, 4, 174f.</f1> etc.
Iterum vale.
<timestamp>27. iulii</timestamp>
<signature>T[uus] M[atthias] E[rbius].</signature>
<address></address>
</content>
</letter>