<?xml version='1.0' encoding='UTF-8'?>
<letter id="40009" year="1570" lang="lat">
<correspondents>
	<originator>Bullinger</originator>
	<addressee>Tobias Egli</addressee>
</correspondents>
<space_time>
	<place>Zürich</place>
	<date>30. Januar 1570</date>
</space_time>
<record>Zürich StA, E II 342a, 583. / Orig. (Aut.)</record>
<print>Graub. III, 175 R.</print>
<statue></statue>
<content>
Dominus benedicat tibi et domui tuae omnibusque piis et
amicis nostris! Nihil equidem iam a 5 septimanis accepi
literarum ab amicis meis; ideo nihil scribere potui. Sed et
toto isto tempore occupationibus oppressus non admodum firma
sum valetudine. Quae tamen accepi Argentorato, misi d.
Ruinellae ea lege, ut et tibi communicet. Petit rex iterum
Helvetiorum 6000; non enim satis est in expeditione priore
plures periisse. Si conceduntur illi, argumentum est
occaecationis et indurationis Pharaonicae. Nostri
districtissime omnem prohibent militiam. Welche nun ziehend,
wöllend mitt gwallt verderben. Da ist kein gällt, dann alein
zum uffbruch wyt zamen geschaben; da inn in Franckrych ist
wäder ze byssen noch zuͦ brächen und das land übel
verwuͤst. Wil nun yemandts verdärben, mag er wol one danck
gotts und der wällt. Haec sunt dei iudicia horrenda. Dominus
misereatur nostri et servet nos a malo! Vil unfalls und
ellendts ist allenthalb; gott besser es! Utinam iudicio suo
mox dirimat hanc pugnam in mundo!
Vale. Celerrime has scripsi.
<date>13. ianuarii 1570</date>.
<signature>H[einrychus] Bullingerus senior tuus.</signature>
Saluta dominos et amicos nostros, tuam quoque familiam.
Ornatissimo viro d. Tobiae Eglio, Curiensis ecclesiae fideli
ministro, domino meo et fratri honorando et dilecto.
An den herren pfarrer zuͦ Sant Martin zuͦ Chur h. Tobia
Egli.
</content>
</letter>