<?xml version='1.0' encoding='UTF-8'?>
<letter id="40037" year="1570" lang="de">
<correspondents>
	<originator>Bullinger</originator>
	<addressee>Tobias Egli</addressee>
</correspondents>
<space_time>
	<place>Zürich</place>
	<date>5. Mai 1570</date>
</space_time>
<record>Zürich StA, E II 342a, 592. / Orig. (Aut.)</record>
<print>Graub. III,  186f. R.</print>
<statue></statue>
<content>
S. D.   Sane nihil scripsi tuae humanitati a 14 diebus, quod
scribendo alioqui defatigatus, cum nihil haberem scriptu
dignum, mihi parcerem. Et si quando posthac scribendi
officium intermisero, boni consulas, oro; cum aliquid
habuero te dignum aut per mea negotia et valetudinem potero,
nihil negligam. Interim cupio te nihilominus pergere. Accepi
literas, quas ad me misisti graves; aggravavit eas talerus
inclusus d. Froschouero missus pro libris; habeo enim in
Bohemia Crumenovii amicum d. Paulum Bramburgium, virum
clarissimum, qui petivit aliquot libros a Froschouero, quos
acceptos nunc persolvit et alios insuper petit. Scribit is
ad me foliatas literas nec alia de re quam de religione;
dedit eas in Bohemia 1. februarii. Non absque labore modico
ad eas respondero; sic ex variis locis nascitur mihi labor
et molestia.
Vehementer vero commovit me Rhetorum quorundam perfida et
subdola illa actio, nec video, quomodo pii haec dissimulare
possint; nisi enim huiusmodi et artibus et actionibus impiis
obviam eatur, futurum est, ut ne ipsi quidem ab insidiis
sibi possint cavere. Privatim ergo monebis viros bonos, ne
suo desint officio. Audax est Rh[aetienis]* (* a.R.: Rh: d.
übr. wegradiert {v.Bull.selbst?}]; si hac in re ei
successerit et in alia maiora conabitur. Interim sedulis
precibus orandus est dominus, ut ipse Achitophelis consilia
infatuet. Caeterum quoad bibliopolam instabis constanter
totusque in hoc eris, ut solum vertat. Dignissimus est
exilio, qui toties fidem violavit ac senatum amplissimum
fefellit. Nisi vero agatur per magistratum serio contra eum,
plantabit homo ille in rempublicam vestram sectas et turbas.
Semper invenit olla suum operculum. In tempore itaque
periculosissimo subveniendum morbo; sero medicina paratur<f1><a>Ovid,</a> Remedium amoris 91(f?) (Otto 287, Nr. 1470).</f1>.
Pro Italicis novis maximas ago gratias; interpretabitur illa
mihi d. Müllnerus. Resalutabis d.d. consules, d.
Pont[asellam], d. Gant[hnerum] et reliquos.
D. Carolo, ut voluisti, scripsi; tu ei tradito literas; nam
per omnia tam tibi quam illi cupio inservire et
probari.
Quae nova ad nos ex variis locis, concorditer tamen allata
sunt, ita, ut allata sunt, tibi recenseo; tu crede, quod et
quantum volueris. Der könig sol noch gar kein züg haben,
nachdem er die sinen geurloupt und zerlouffen laßen. Sin
adel ist nitt fast willig; so hat er sine beste duces
verloren und gar vil vomm adel und nüt gewunnen. Die
eydgnossen ligend noch in Burgund, hebend an sterben;
wartent, ob filicht man iren zuͦ Leon noturfftig. Der
admiral soll die von Talosen umb ein groß guͦt gestreckt
haben und sol jetzund mitt beiden jungen fürsten, Nawerra
und Conde, ziehen in das Delphinat, uff der straß yngenommen
haben Montpelier. Die sinen under dem herren Monbrun söllend
über den Rotten gefallen [sin]* (*a.R.: .. ... ..), da der
gubernator deß Delffinats mitt einem starcken volck gewesen,
dem admiral abbruch zuͦ thuͦn. Die admiralischen aber
habend
inn geschlagen und in die flucht triben vor der statt
Lorioll under Valentza und habend die statt yngenommen. Der
gubernator, der herr de Gordes, sol übel wund sin, sin
lütinampt umbkummen sampt 26 deß besten adels und uff 600,
die uff der walstatt blyben. Der admiral sol ouch Nimmeß,
statt und schloß, innhaben und die bruggen sampt der statt
Sanspiritus yngenommen haben. Nitt weist man, ob er uff
Avion oder uff Leon rucken wil; sol noch zuͦ roß und
fuͦß
starck sin. So vil von diser zytung. Wir wartend jetzund der
koufflüthen von Sangallen uß Leon; die werdent filicht
gewüsser zytungen bringen. Man sagt gemeinlich, da sye wenig
me, wäder proviant noch gällt; wil sich dann kein frid
schicken, muͦß sy filicht zuͦletst der hunger von
einandren
tryben. Gott geb gnad. Anderschwo har habend wir diser zyt
nüt. Dominus tecum et cum tua familia. Salvi sint fratres et
amici omnes. Vale.
<timestamp>Tiguri  5. maii 1570.</timestamp>
Bullingerus tuus.
(Adr. zw. 596/97): Ornatissimo viro d. Tobiae Eglio,
Curiensis ecclesiae fideli ministro, domino meo honorando et
fratri charissimo.                 Chur.
</content>
</letter>