<?xml version='1.0' encoding='UTF-8'?>
<letter id="40021" year="1570" lang="de">
<correspondents>
	<originator>Bullinger</originator>
	<addressee>Hans Rudolf Bullinger</addressee>
</correspondents>
<space_time>
	<place>[Zürich]</place>
	<date>3. März 1570</date>
</space_time>
<record>Zürich ZB, Ms F 37, 423. / Orig. (Aut.)</record>
<print></print>
<statue></statue>
<content>
Gott mitt uns. Fürgeliepter sun, dißmals hab ich dir nüt
zuͦ
schriben, hab aber funden in diner camer ein zerryßnen
calender diß jars, da ich ettwas verzeichnuß noch funden.
Die schicken ich dir hiemitt, obs dich filicht nutzte und
dir vor schaden were. J[unkher] Hans Meyß ist frisch
und gesund, hat gester har geschriben; das ist, sin brieff,
den er imm welschen land geschriben, ist vorgester har
kummen, und hab ichs nächt verstanden. So ist ouch ein
brieff an dich; Heinrych hat ouch einen an inn geschriben.
Acht wol, er werde dir dinen ordnen. Er wirt 11. oder 12.
martij heym komen. Gester sind die knaben imm namen gottes
mitt einandren darvon gefaren Rodolff Zwingli, Rodolff
Walthart und Bernhart Meyer von Knonow etc. Gott gäbe inen
sin gnad; der beware ouch dich, Susannam, Lisenbethli und
das gantz huß. Noch hab ich nüt von Glaris empfangen.
<timestamp>Datum frytags 3. martij, da der mertz ein rostigen, hürninen schnabel hatt. Gott wölle, das er damitt nitt die räben abbick, 1570.</timestamp>
Alles volck gruͤst üch.
<signature>H[einrych] B[ullinger].</signature>
<address>Minem lieben sun Hansen Rodolffen Bullingern, pfarreren zuͦ Berg.</address>
</content>
</letter>