<?xml version='1.0' encoding='UTF-8'?>
<letter id="42106" year="1572" lang="lat gr">
<correspondents>
	<originator>Tobias Egli</originator>
	<addressee>Bullinger</addressee>
</correspondents>
<space_time>
	<place>Chur</place>
	<date>7. Juli 1572</date>
</space_time>
<record>Zürich ZB, Ms F 182, 180.</record>
<print>Gr. III, S. 348.</print>
<statue></statue>
<content>
Er dankt für Bullingers Brief "una cum declaratione
occasionis et argumenti tui
libelli et necessariae admonitionis ad ministros, " welche
die Möglichkeit
biete, den Verleumdungen entgegenzutreten.   -      "De
Turcarum impressionibus
varia apud nos sparguntur. Nuper etiam studiosus academiae
Patavianae quidam,
huius urbis civis, parenti suo, Caspari a Salicibus,
scripsit Patavio solvisse
naves duas, in quibus 22 homines ad Mariam Lauretanam
peregrinantes fuerint, qui
omnes a pyratis Turcicis intercepti maximum terrorem et
luctum urbi inflixerint.
Fertur etiam nec levi rumore Hugonem papam, qui non ita
pridem creatus erat,
diem iam suum obisse,  nimirum infectus.    -
Mitto causae Conradini
Plantani tractationem, quae ad calcem actorum nostrorum
subnectenda erit. Mitto
insuper per d. Achillem Kererum imaginem siligineam, cuius
archetypum
<lang lang="gr">koimHtHrion</lang> nostrum uberrime ac omnium bonorum
admiratione protulit. Si
illam aut d. Wiccius aut alii sibi depingi velint, per nos
licebit aut publice
etiam expressam aliis in exemplum statui, modo aliquando
manus mea ad me
redeat."    -      Da sich das Befinden seiner Frau und des
Kindes bessert, will Egli bald nach Zürich kommen.
Anno 1572,  7. iulii, Curiae Rhetorum.
</content>
</letter>