<?xml version='1.0' encoding='UTF-8'?>
<letter id="43050" year="1573" lang="lat">
<correspondents>
	<originator>Tobias Egli</originator>
	<addressee>Bullinger</addressee>
</correspondents>
<space_time>
	<place>[Chur]</place>
	<date>6. April 1573</date>
</space_time>
<record>Zürich StA,  A 248.2.</record>
<print>Gr. III, S. 416f.</print>
<statue></statue>
<content>
Er dankt für Bullingers Brief. Wie er daraus ersieht, sind
zwei Briefe, worin er
in seinem und Willis Namen für die übersandten Schriften
gedankt hatte, verloren
gegangen, obwohl er den einen einem Läufer von Zürich
übergeben.       -
"In Gallicis rebus claudo pede ultionis poena scelestos
subsequitur, et fere
Mauricii vocem aedere rex potest: 'Iustus es, domine, et
iustum iudicium
tuum' etc. Proxime copias illas omnes fideliter remittam;
potuisset illas
per d. Haessium Thomannus mittere. Utinam ex Haessio
sciscitari nobis liceret,
quomodo placuisset ei conspiratio illa et concursus in
curiam centum et viginti
civium, quorum orator et confirmator Gantnerus, homo
seditiosissimus, extitit.
Respondit illi certe Haessius: 'Ich sich üch für ein
prädicanten an.
Lieber, in welchem capittel findend ir's, das ir wider üwere
fromme
oberkeitt also söllind ufruͤren und hinder inen üch mitt
einem eyd verbinden
oder üch dergstalt wider sy leggen?' Recte factum; uterque
enim sic olim
merebatur. Fovit in sinu serpentem hunc Afrum magistratus;
patiatur igitur et
morsus et spicula illa venenata. Nunc certe ex superioribus
unus et alter
agnoscit et sentit, quid illos praemonuerim; sed stultus
post factum accepto
damno sapit. Ego vero animum meum non habeo in ista
ecclesia, quae
pseudodoctores pluris facit quam sanos et integros.
Conspiratio illa vult illum
aspidem omnino promotum, nos vero deiectos. Mirifice
plaerosque capit
instrumentis musicis et sua blandiloquentia, et qui rerum
habent scientiam,
duabus semper sedere sellis malunt quam heroica fortitudine
eiecta mala radice
bonum semen plantare parum solliciti, quod bonum virum et
maxime christianum
deceret, a recta conscientia ne latum quidem unguem
discedere.      -
Quid in turbis fiat nostris, perfunctorie congessi in
scriptum et
historiolam, quam mitto.* Plaeraque sunt vanissima. Procedet
severissime et
quidem armata custodia iudicium Thuscii indictum. Si
apochiae(?) incipient
advolare, metuendum, ne nonnisi maximis turbis quidam
avellantur. Vitae
periculum non uni incumbet, nec mirandum, si sic perire
soleant, quae sordibus
contrahuntur. Persentiscunt non[n]ulli, quid sit rotundare
m. et quam fideliter
a me sint praemoniti, monitorem autem tam infideliter
tractare sint conati. Nunc
me quidam volunt deaurare sentientes me non vana dixisse,
qui eiectum maluissent
prius; sed distortis ingeniis nihil fido et, ne quid te
celem, nervis omnibus
conabor, ut me hinc expediam. Vixi in Rhetia annos pene 13
et ternam vidi
rebellionem nec, quid prosim, scio, cumque habeant incolas
et indigenas sive
cives, quid opus est uti opera peregrinorum? Putant nos plus
nimium in aliena
republica curiosos esse etc.      -      Frellus solum
iterum coactus est
vertere. Deplorat hunc Gantnerus, qui ei aliquousque comitem
se addidit, cum
urbe exiret. Sunt mera haec ludibria: homunciones istos
exturbant; horum autem
patronum et propugnatorem colunt et observant."
-         Dr. Beeli wünscht, eine Predigt Eglis "ex cantico
Zachariae de salutis humanae scientia sive cognitione"
gedruckt zu sehen; doch
wagt Egli in Hinblick auf die Leistungen Bullingers und
anderer nicht, sie drucken zu lassen. 1573,  6. aprilis.
* Erhalten in Zürich StA, A 248.
</content>
</letter>