<?xml version='1.0' encoding='UTF-8'?>
<brief id="18260" jahr="1548" lang="de">
<ae>Joachim Vadian an Bullinger</ae>
<od>zu 15. Oktober 1548</od>
<vo>Autograph: Zürich StA, E II 351, 137</vo>
<dr>St. G. Mitt. 30, S. 761f.</dr>
<re></re>
<text>
S. Cum hasce priores obsignassem, advenit tabellio cum tuis,
quas sane magna cum delectatione legi. Quam vero mallem Philippum quam Brentium,
etiamsi Brentius vel publicae miseriae nomine non ingratus est, sed nemo post
Lutherum in eucharistiae negocio tumultuatus est. Utinam vel ad veris casibus
admoniti in hoc unum incumberemus omnes, ut iuxta apostolum uno sensu
cohaererent ecclesiae, quae puriorem doctrinam sibi vendicant! Credi enim non
potest eandem fidem illos profiteri, qui sensibus scripturarum tam pugnantibus
dissiliunt.
^$Zuͦ Costentz sind gestern 14 schiff mit gerüsten seeknechten ankhommen, ist
von Bregentz und ab dem Rhein harab bey 9 schiffen gfaren, habend eß gar still
ghabt biß uff den anzug. Acht wol darfür, man werd die statt besetzen. Die
thor, die uff das Turgöuw laytend, hat man vast beschlossen, und wirt aller zorn
dess kaysers zuͦ guͦtem nutz dess huses Österreych langen, wellchen
Costentz zuͦ aygen nu me eingeleypt ist. Wir[t] in die erbaynung dienen, und
sol alda der fürnemste sitz werden dess hertzogthumbs Schwaben, wellichs kayser
und Ferdinandus gewüsslich anzerichten vorhaben söllend. Das euangelion ist
verrochen; wirt ain groß zerströuwung geben und ainen merklichen anstoß, das
der gmain man so misstreuwlich von irer oberkhait hingefallen und umb ireß
gniesses willen in so verzwyfelt radtschleg khomen und gfallen. Aber was sol man
sagen? Pfaffenknecht laßend die fayßten suppen nit gern vor der tür erkalten.
Die vischer zuͦ Costentz hettend sy lengst gern ghabt; wirt in jetzmal werden.
Gott welle üs vor solchen fallen bewaren. Amen.
^$Ioannes Hallerus non dubitat in suis ad me literis, quin dominus Musculus
insignem aliquem locum seminandi verbi sit indepturus. Ei rei si quid mea ope
fieri poterit, nihil detrectabo laboris, quod commodare viro tanto poterit.
Remitto omnia forte tardius, quam volebam; sed quaedam cunctanter etiam mihi
reddiderunt amici.
^$Vale.
^$Die quo supra.
<un>Ioachimus Vadianus.</un>
<adr>
[Adresse:] Doctissimo viro domino Henrycho Bullingero, urbis
Tigurinorum episcopo, domino et amico colendissimo suo.
</adr>
</text>
</brief>