<?xml version='1.0' encoding='UTF-8'?>
<brief id="18077" jahr="1548" lang="lat">
<ae>Bullinger an Oswald Myconius</ae>
<od>Zürich, 16. April 1548</od>
<vo>Autograph: Zürich StA, E II 342, 192 (Siegel....)</vo>
<dr>Ungedruckt</dr>
<re>Regest</re>
<text>
S. D. Accepi literas tuas, mi frater et domine colende,
pietate et eruditione refertas. Eas libenter legi. Accepit
et Gvaltherus tuas, quas mihi communicavit.
^$Versamur, ut recte quereris, in periculosissimo tempore et
hominum genere facinoroso; sed habet interim suam ecclesiam
dominus. Non deerit suis dominus, ut maxime supplicium
sumpturus sit de illis, qui ipsum et verbum eius contemnunt.
Saltem perstemus i[mm]obiles et recta ingrediamur in via
dei, recte secantes verbum veritatis hortantesque omnes ad
poenitentiam. Haec ad te scripsi, mi frater, ne nihil cum
certo hoc nuncio scriberem; poterit ill tibi res Anglicas et
Scoticas exponere. Veniet et D. Gastius et feret tibi plura;
nam in praesenti aliter non potui.
^$Vale, et oremus dominum, nostri misertus nos respiciat et
protegat, ne foedere coalescamus cum sanguinario Gallo et
Iosaphat deinde Achabo auxilium ferens Syros in se sentiat
irruere. Dominus servet nos. Noli timere, pusille grex.
<oz>Tiguri 16. aprilis anno 1548.</oz>
^$Salutabis D. Coelium, Cellarium et alios bonos viros.
<un>Bullingerus tuus.</un>
<adr>[Adresse] D. Osvaldo Myconio suo. Basel.</adr>
</text>
</brief>