<?xml version='1.0' encoding='UTF-8'?>
<brief id="19055" jahr="1549" lang="de">
<ae>Johannes Gast an Bullinger</ae>
<od>Basel, 12. März 1549</od>
<vo>Autograph: Zürich StA, E II 366, 176</vo>
<dr></dr>
<re></re>
<text>
S. in domino. Geaudeo, quod in homiliis, quę praecipua loca, de quibus nunc
contravertitur, continent, egregie pergas. Domini spiritus te alacrem reddat,
quo ad umbilicum ducas tam sanctum opus.
^$Argentina recepit papatum. Episcopus mandato novo multa promittit,
reformationem sacerdotum instituere conatur, quam nunquam absolvet. Senatus
mandat publice, ne quis carnes edat diebus prohibitis, ieiunia adprobant, festos
dies mandant futiles causas excogitantes. Sed domini consilium non rogarunt. iam
videbimus, quid concionatores effecerint cum ecclesia illa, quę sectis
inundavit. iam omnes deficiunt, et pauci tam ex plebe quam ministris verbi
constantes sunt in asserenda veritate Christi.
^$Philippus, Hispanię rex, Heidelbergę est et in die Cinerum immigravit
magna pompa. nobiles passim confluxerunt Heidelbergam, qui receperunt cum
Palatinis venientem Hisapnum. Incidit mentio lantgravii et electoris, qui
respondit. "Philippus videbit Philippum turbatorem Germanię. Elector vetus
mihi nondum cognitus est, quem meus parens amat, quem ego etiam amo ob
constantiam suam." De illius superbia et arrogantia varia dicuntur. Wie er zuͦ
Meilandt ist ingeritten gsin, do sindt die Meylender räth vor im nider gefallen,
in entpfangen more solito. Dise hat er lassen lang vor im ligen; sin räth hand
in gmanet, er solle sy heissen uffston et in hac re imitari parentem Carolum.
Qui mox dixit: "Ego maiore honore dignus sum quam parens, quia ego ex rege
natus, parens ex principe." Wir haben ein richen burger by uns; der hat ein son,
der ist voll sch.... und tribt alle büberey. Zuͦ disem hat sin vatter gsagt:
"Lieber, wie kanstu also hußhalten? vertust das din muͦtwillig; volg mir, hab
huß wie ich." Respondit: "O lieber vatter, wenn du also ein richen vatter
hettest kan, wie ich hab, du hettest vil anders gelebt.
^$Hertzog von Brunswig ist in einer grossen rüstung. Disen sol ein bur wißgesagt
haben also: "Wan der hertzog wirt etwas anheben, so wirt er erschlagen und alle
die sinen uß dem land vertriben und nymmermer inß landt komen, et erunt
perpetuo exules." Hic rusticus praedixerat prius illius captivitatem et turpem
deditionem. Diser bur ist under dem von Lünenburg. Dise sag ist dem hertzog
furkommen, hat nach dem buren geschickt, im ein gleid geben, zuͦ im ze kommen.
Der bur kompt, wirt gefragt; der bur sagt, was er vorhin geredt hat. Do hat der
hertzog gsagt: "Lieber, wer sagt dir das, und wie kanstu das wussen?" Rusticus
inquit: "Ut scias me nosse tuum interitum, so wiß: du hast ein gefangenen in
eim thurn, den niemans weist dan du und ein knecht. Der ist uff dise nacht
ußkommen" (fuit eques auratus Saxonicus). Der hertzog ylendts gschickt ein post
zum schloß, do fragen lassen, wie es umb den gfangenen standt. Diser
geantwortet: "Wol". Der knecht hat wellen mit im reden. Es ist der thurn
uffthon, der gefangen nit mehr do gsin, und weisst niemans, wo er hin ist
kommen. Do hat der hertzog gsagt: "Das dich die handt gottes vier!
Wo ich dir nit gleidt hette geben, ich wellte von dir innen werden, wer dir
sölichs sagti." Utinam periret hostis ille Christi.
^$Zuͦ Wittenberg inß schloß hat Mauricius ein vogt gesetzt. Diser ist eben 4
tag darin pliben, hat widerumb daruß müssen, also ein ungehür ding, ein tümmel
ist do gsin tag und nacht.
^$De Thoma cur nihil scribis? qui apud nos aliam superinduxit uxorem et, nisi
aufugisset, non evasisset periculum mortis. Non credis, qualis sebulo fuit et
s... tator insignis. Cavete ab illo, ne quid maculę contrahat ecclesia
vestra.
^$De Michael, Spirensis concionator, monachus Augustinianus apud nos agit.
Bucerus, Fagius cum diacono in maiori templo iussi sunt abire; fortassis Bucerus
ad nos veniet aut in Angliam.
Quid facient nostri Helvetii in hiis turbis. Rescribe, an Musculus sit Bernę
necne. Sulcerus in parochum Petrini templi electus, sed nondum confirmatus;
volunt illum probare per anni spatium, an populo sit acceptus necne. Vale.
<oz>Basileę 2. Martii 1549.</oz>
Salutabis omnes fratres et dominos nomine meo.

<un>T[uus] G[astius].</un>
<adr>[Adresse:] fehlt</adr>
</text>
</brief>