<?xml version='1.0' encoding='UTF-8'?>
<brief id="22108" jahr="1552" lang="lat">
<ae>Wolfgang Musculus an Bullinger</ae>
<od>Bern, 12. Mai 1552.</od>
<vo>Zürich StA, E II 360, 179. / Orig.(Aut.)</vo>
<dr></dr>
<re></re>
<text>
S. D.  Qui has reddunt, compater in domino charissime,
Augustani sunt, verbi minister unus, literarii ludi magister
alter. Minister verbi literis senatus Augustani est
revocatus, alter hunc comitatur visurus, an et ipse
pristinum illic locum recuperare possit. Haud opus est, ut
eos humanitati tuae commendem, cum alioqui erga fratres
animum benevolum declarare soleas. Vereor, ne non satis
commode propter tumultus bellicos iter hoc conficere queant;
prudentia et circumspectione opus est. Quare te oro, si quid
rationis nosti, qua commodius ac certius proficiscantur,
illis communices.                 Nos hic per gratiam domini
satis tranquille vivimus. Uxor partui vicina est; ora
dominum, ut prospere pariat. Optime vale, compater in domino
charissime. Salutem tuis omnibus,  dominis etiam fratribus
et amicis.
<oz>Bernae  12. maii 1552.</oz>
W[olfgangus] Musculus, compater tuus in domino.
Celeberrimo theologo m. Heinrycho Bullingero, Tigurinae
ecclesiae pastori vigilantissimo, domino et compatri suo
charissimo.                        Tiguri.
</text>
</brief>