<?xml version='1.0' encoding='UTF-8'?>
<brief id="23129" jahr="1553" lang="lat">
<ae>Philipp Gallicius an Bullinger</ae>
<od>Chur, 25. Juli 1553.</od>
<vo>Zürich StA, E II 365a, 506.</vo>
<dr>Gr. I,  S. 308f.</dr>
<re></re>
<text>
S.  Oratori suas reddidimus literas per tutum nuncium.
Traversus noster his diebus hic fuit mihique dixit se nolle
amplius missam videre seque hoc ipsum tibi scripsisse; mitto
enim literas eius, quas mihi dedit ad te mittendas. Heri
audivimus tandem Turcam oram Neapolitanam attigisse iamque
statim devastasse; ita enim asseruerunt, qui recta veniunt
Roma. Literas vestras remittimus magna cum graciarum
actione; nam utile nobis fuit hoc scisse. Quum ex Italia
audierimus aliquid, scribemus id ipsum ad te. Interim
conservet te diu nobis dominus Iesus. Amen. Ex Curia, die
<d>25. iulii 1553</d>.  Salutant te maxime Comander, Heimius,
Tschernerus, qui vehementer laetati sunt visis literis
illis. Rumor etiam huc allatus est in Pedemontana regione
sex signa nostrates prelio amisisse, vicisse tamen.
<un>Tuus totus Philippus Gallicius.</un>
Vere magno viro d. Heinrycho Bullingero, bonis omnibus
colendissimo etc.
Tiguri.
</text>
</brief>