<?xml version='1.0' encoding='UTF-8'?>
<brief id="24187" jahr="1554" lang="lat">
<ae>Sebastien de l'Aubespine an Bullinger</ae>
<od>Baden, 10.September 1554.</od>
<vo>Zürich StA, E II 359, 2916. / Orig.(Aut.)</vo>
<dr></dr>
<re></re>
<text>
S. Tuas tantum accepi et nostro V[ergerio] respondeo. Quod
autem scribit de quinquaginta coronatum, nihil profecto
antea audierim; sed curabo statim post adventum meum
Solo[turum(duri?)] et illud per aliam viam quam tua opera faciam,
nam hoc parum conveniens nec ratione consentaneum propter
tuum munus. Dominus vester consul narrabit tibi ordine, quo
in statu res nostre vestreque sese hic habuerint. Fere
ventum est ad iurgia; propterea rogo te et obtesto, ut
consulatis paci publice et aliorum ruditati aliquid
condonetis. Crede mihi, plus hac ratione facili in tempore
perficietis. Caeterea, que penę non audeo committere,
narrabit dominus consul; nam cum illo et domino secretario
pluribus egi. Nova nostra ab illis audietis. Vale, vir
optime. Badde decima sept'embris].
<un>Tuus semper Bass[afontaneus].</un>
Optimo viro domino Bulingero.
                    Tiguri.
</text>
</brief>