<?xml version='1.0' encoding='UTF-8'?>
<brief id="25165" jahr="1555" lang="lat">
<ae>Bernardin Bochetel an Bullinger</ae>
<od>...........,  4. Oktober  15..)  [1555 - 57.]</od>
<vo>Zürich StA, E II  368, 375. / Orig.(Aut.)</vo>
<dr></dr>
<re></re>
<text>
Mitto tibi literas ad Vergerium, quas iurisconsulto
Gribaldo, qui propediem tecum erit, nisi nunc etiam sit,
velim consignes. / . Gratissimum mihi fuit, quod tuum de
Clemente iudicium statim aperueris; omnino tecum sentio. / .
Sed, quicunque est autor, sive alter Clemens sive alius,
omnino nomine veteris illius Clementis scriptum constat. / .
Si per studia tua aliquando aliquid ad me scribere tibi
licuerit, mihi rem gratissimam et iucundissimam facies,
Vale.  4a  octobris.
<un>Tuus Sanlaurent[ianus].</un>
Clarissimo et doctissimo theologo d. Henrico Bullingero,
amico carissimo. / .
</text>
</brief>