<?xml version='1.0' encoding='UTF-8'?>
<brief id="26060" jahr="1556" lang="lat">
<ae>Gereon Sailer an Bullinger</ae>
<od>[Augsburg], 29. März 1556</od>
<vo>Autograph: Zürich StA, E II 346, 346.(Siegel...)</vo>
<dr></dr>
<re></re>
<text>
S. In hac hora tuę atque Gesneri ad me et ad alios literę
cum libris offeruntur, quare non licet, ut volui, ad cuncta
respondere. Frankfortum abiturus tabellarius ne momentum
expectare voluit. Curabo, ut recte curentur omnia, libri et
literę, quibus sunt inscripte, afferantur. Ago gracias pro
libellis.
^$Pedagogum rogo ut primo quovis tempore mittatis.
^$Den frantzhosischen apothekher desideramus; habebit conditionem
se dignam non tantum apud prophanum populum, sed inserviet
valetudinario .... que civi podagrico in exhibendis medicinis;
hunc sentiet divitem, liberalem et parentem. Conditio nulli
locabitur, sed in istius adventum differetur.
^$O bone deus, quanta aviditate tuas contra impanationem impiam
cogitationes expectavi; eas legam diligentissime.
^$Bavari, deo gloria, excusserunt iugum pontificium; data est
urgentibus nobilibus et subditis communio sub utraque, libertas
ciborum, conciones pię non tantum indulgendo; sunder der
hertzog mueß ins landpuech schreiben, et si ordinarii episcopii
Salisburgensis, Aistetensis, Augustanus, Frisingensis etc., ad
quos pro consensu scribet princeps, recusarent, nihilominus
princeps concessa velit habere rata. Sed non licet plura. Brevi
mittam acta illorum comitiorum Bavaricorum. Hec eadem dicito
Gesnero nostro.
<oz>Ocyssime 29. martii anno 56.</oz>
^$Geryon t[uus].
<adr>
[Adresse ...]: Pientissimo atque doctissimo viro d.
Heinricho Bullingero, Tygurensis ecclesię episcopo, domino et
fratri observandissimo. Zurch in Schweitz.
</adr>
</text>
</brief>