<?xml version='1.0' encoding='UTF-8'?>
<brief id="26114" jahr="1556" lang="lat">
<ae>Johannes Hug an Bullinger</ae>
<od>Höngg, 30. Mai 1556</od>
<vo>Autograph: Zürich StA, E II 338, 1518.(Siegel...)</vo>
<dr></dr>
<re></re>
<text>
S. D. Uxor mea charissima, charissime mi Bullingere, in
pacientia summa ac fide non minori animam deo reddidit hodie
infra quintam et sextam, tibi tuisque valedixit in domino, me
meosque omnes tibi recommendavit. Pro hesterna visitatione tibi
et optimo viro Zwinglio gratias magnas habuit. Cras curabitur
per sepulturam. Oramus ego et filii mei, ut alius loco filii mei
substituatur, qui res divinas peragat in Schwamendingen, ne is
cogatur matrem suam charissimam sepulturę per absenciam
destituere. Vale felix semper.
^$Ex Höng penultima mai anno 50.(???)
^$Johannes Hugo semper tuus.
<adr>
[Adresse ...]: Clarissimo viro domino Henrico Bullingero,
compatri suo charissimo. (Bem. v. Bulls Hd. auf d. Vorderseite
l. unten: "Chare fili, te oro, ut cras concioneris in
Schwamendingen."
</adr>
</text>
</brief>