<?xml version='1.0' encoding='UTF-8'?>
<brief id="27337" jahr="1557" lang="lat">
<ae>Bullinger an Johannes Fabricius</ae>
<od>(Zwischen 1557 und 1566, vielleicht (nach Simler auf Grund der Signaturen) zu: 12. Januar 1565.)</od>
<vo>Zürich StA, E II 373, 549. /Orig.(Aut.)</vo>
<dr>Gr. II, 557 R.</dr>
<re></re>
<text>
Cum intellexi a d.
Rodolpho, affine tuo, virum hic esse, cui literae tuto possint credi, inclusi has, quas vides, quas alioqui non cuivis credidissem.
Tu cura, ut mature et tuto remittantur ad me.
Vale iterum.
Praestantissimo viro d.
Ioanni Fabritio, Curiensis ecclesiae ministro fidelissimo, domino et fratri colendo et dilectissimo.
^$Chur.
</text>
</brief>