<?xml version='1.0' encoding='UTF-8'?>
<brief id="27309" jahr="1557" lang="lat">
<ae>Mathieu Coignet an Bullinger</ae>
<od>Chambery, 7. Dezember (1557).</od>
<vo>Zürich ZB, Ms F 62, 132. / Orig. (Aut.)</vo>
<dr></dr>
<re></re>
<text>
S. Grave admodum mihi fuit, quod urbis vestre amplissimum legatum, qui tuas literas attulerat, alloqui eique gratificari integrum mihi non fuerit per occupationes et potissimum, quod tum mihi magnis itineribus in hanc Allobrogum provinciam erat redeundum ob quędam non parvi momenti negocia mihi demandata.
Arbitror tamen te meas literas recepisse, quas ab aula regis discedens ad te scripsi.
Cęterum, ut mei absentis memineris et, si quid possim, utare, te etiam atque etiam oro, et de tua
valetudine certiorem me facias.
Nos hic recte satis valemus, sed nonnulla desideramus, quibus admodum delectaremur, que tamen speramus nobis aliquando per prudentiam et bonitatem omnipotentis dei non defutura per veram illam pacem, que superat omnem intellectum.
Fuit hic mirus terror, et nunc pacatissima sunt omnia.
Verum non omnium dierum sol occidit, et scit dominus, quid utilius sit suis et quibus mediis suorum salutem promovere debet.
Porro, nisi persuasum mihi esset magistrum Ciconię
curaturum, ut mee arce dentur fideli vectori, qui eas Gebennam et Lozannam usque perferat, te obsecrarem, ut illum moneres et id obtineres, et quod promiserit, pro vectura persolvetur.
Earum umbram intellexi offendere quosdam apud Rhetos, tametsi nihil sit in iis, quod de umbra Tantali scribitur et tragoedia.
Salutabis meo nomine et uxoris d.
Lelium et amicos.
Bene vale.
Camberiaci 7. decembris.
<un>Tuus ex animo Matthęus Coignetus.</un>
D. Henricho Bullingero, Tigurine ec(c)lesie pastori     Tiguri.
Zurich.
</text>
</brief>