<?xml version='1.0' encoding='UTF-8'?>
<brief id="27136" jahr="1557" lang="lat">
<ae>Bullinger an Theodor Beza</ae>
<od>Zürich, 16. Juli 1557</od>
<vo>Autograph: Zürich StA, E II 346, 384.(Siegel...)</vo>
<dr>Ep. Calv. 2662 (XVI, 538f)</dr>
<re></re>
<text>
Laboravi diligenter pro impetrandis ad principes literis.
Legationem enim non mittendam facile intelligebam. Sed non
successit quod institui. Senatus noster amplissimus, sicuti(?)
et Bernensis, non putavit hic sibi agendum quicquam. Interea
mittitur ad d. Petrum martyrem confessio a te in legatione
propter fratres Waldenses suscepta ad principes apud eosdem
deposita. Quae si a te concepta et exhibita est, admonitos
saltem eius rei nos oportuerat. Spargi eam audimus magno cum
adversariorum iubilo nostrorumque dolore. Sic a Francfordia et
haydelberga nunciatur. Confessiones decet esse claras et
minime involutas aut ancipites, in iis praecipue de quibus
contravertitur. Ego certe huiusmodi confessionem neque
facerem, neque ab aliis factae aut conscriptae subscriberem.
Cuperem autem a te talem non esse exhibitam, si modo per te
est exhibita. Idem iudicant mecum et reliqui qui viderunt.
Quanquam paucis adhuc eius facta sit copia. Vale. Salvi sint
D. Calvinus, d. Pharellus et reliqui fratres.
<oz>Tiguri 16. iulii 1557.</oz>
<adr>[Adresse ...]: fehlt?</adr>
</text>
</brief>