<?xml version='1.0' encoding='UTF-8'?>
<brief id="29065" jahr="1559" lang="de">
<ae>Johannes Fabricius an Bullinger</ae>
<od>Chur, 24. April 1559.</od>
<vo>Zürich StA, E II 375, 567.</vo>
<dr>Gr. II, S. 135f. R.</dr>
<re></re>
<text>
Er dankt für Bullingers Brief und die Nachrichten über Melanchthon: "Scio, quanta hominis in illis locis sit authoritas; tanto magis ergo laborandum a te est, ut nostris adiungatur partibus."  -   Der Curer Bürgermeister schreibt (aus Augsburg) das Gleiche wie der zürcherische Gesandte, sendet auch "articulos pacificationis."  Herodes und Pilatus scheinen sich ausgesöhnt zu haben, damit Christus gekreuzigt werde; wenigstens ist in den Artikeln vom Konzil die Rede.
-   Gestern hat der Rat ein
Schreiben vom französischen König erhalten, das heute durch einen Dolmetsch vorgelegt worden ist.
Gleichzeitig sind auch die Friedensartikel gesandt worden, die Bullinger jedenfalls schon von Coignet erfahren hat.
-   Demnächst wird "d.d.
Philippus Valentius", bisher im Gefolge des französischen Gesandten, nach Zürich kommen; Fabricius hegt Zweifel, ob er auch wirklich der Reformation ganz ergeben sei.
"Si is esse voluisset, qui debebat, oratori omnino author fuisset, ut, quod bene ceperat,
perpetraret.
Iam cum intelligam diversum ab eo factum et d.
oratorem missam denuo frequentare eumque sibi comitem (ad templum usque) adhibere, non possum mihi persuadere hominem eum esse, quem profitetur."
Die Friedensartikel, die Fabricius durch Tscharner erhalten und die ihm Gallicius flüchtig aus dem Italienischen übersetzt hat, stimmen mit den früher gemeldeten überein.
"Primus articulus est, quod Philippus, quem appellant regem catholicum, ducat filiam regis, quem appellant christianissimum.
Caeteri habent, ut rex ipse (hoc notes) ipsum Sabaudiae ducem restituat in integrum, Senenses recuperent pristinam libertatem, Genuenses recipiant Corsicam, ipsi pendant tres thonellas auri regi Gallorum,
reges utrinque sibi mutuo restituant, quae invicem tempore belli ademerunt; sed nominatim scribitur, ut Gallus Philippo non nisi patrimonium restituat.
Urbs Metis, Thoul, Verdun et Marsal in manibus regis maneant; marchionatus itidem de Salucia maneat in potestate Galli etc.
Rex nostris amicissime scribit; itidem Helvetiis dicit eorum quoque in foedere conficiendo rationem habiturum."
                                                                     Curiae, 24. aprilis, anno 1559
.
(P.S.) In Uznach ist ein Mann gerädert und verbrannt worden, der aussagte, er habe mit einem Savoier, zwei Leuten aus Genf und Umgebung, einem Freiburger aus Üchtland und einem Elsässer von Rufach Herisau in Brand gesteckt.
</text>
</brief>