<?xml version='1.0' encoding='UTF-8'?>
<brief id="29104" jahr="1559" lang="de">
<ae>Johannes Fabricius an Bullinger</ae>
<od>[zu 5. Juli 1559]</od>
<vo>Zürich ZB, Ms S [...]</vo>
<dr>Gr. II, S. 146 R.</dr>
<re></re>
<text>
In Haldenstein hat ein Hirtenbub eine alte Frau ermordet.
Im Schanfigg ist in Molinis eine Frau samt drei Kindern verbrannt, das vierte, das sie zum Haus hinausgeworfen hatte, zu Tod gefallen.
Im Oberengadin haben Verwandte des Bischofs den Amman, ihren Vetter, "ex ambitione" getötet.
Ähnliches ist im Oberen Bund geschehen, wo auch Junker Stoffel von Capol seine Gattin, eine Tochter Nikolaus Balings, mehrmals mit dem Dolch durchstochen hat.
Des Dietegen von Salis Schwestersohn von Plurs, "ein
träffenliche, schöne, überaus lange person", Fähnrich Hannibals von Ems, ist von einem Landsknechthauptmann in Ems erschlagen worden.

<oz></oz>
<un></un>
<adr></adr>
</text>
</brief>