<?xml version='1.0' encoding='UTF-8'?>
<brief id="29071" jahr="1559" lang="lat">
<ae>John Foxe an Bullinger</ae>
<od>Basel, 6. Mai 1559.</od>
<vo>Zürich StA, E II 375, 584.</vo>
<dr>Zur.lett. I, S. 12f.</dr>
<re></re>
<text>
Salutem in Christo.
Mittimus isthuc Anglum cum birria; venturi et ipsi sumus, si audiamus eum vivere.
Itaque quo celerius sciremus, placuit expeditum hunc internuncium praemittere cum equo conductitio; nam plures conducere non licuit.
Quaeso ut iubeas hunc iterum ad nos, si  Frenshamus vivit, maturare.
Aroviae birria facilius et vicinius erit vobis parabilis, si opus fuerit.
D. Iesus, omnis salutis fons, nos ad gloriam ipsius custodiat!
Maii 6, id est postridie quam literae huc vestrae perlatae sunt.
<oz>Basileae.</oz>
                                          Tuus in Christo, I. Foxus.
Doctissimo viro, d.
Henrico Bullingero, Tiguri.
</text>
</brief>