<?xml version='1.0' encoding='UTF-8'?>
<brief id="29059" jahr="1559" lang="lat">
<ae>Matthieu Coignet an Bullinger</ae>
<od>Solothurn, 14. April (1559).</od>
<vo>Zürich StA, E II 368, 425. / Orig.(Aut.)</vo>
<dr></dr>
<re></re>
<text>
S. Mitto ad te orationem, quam in comitiis imperialibus habuit d.
Carolus Marillac, archiepiscopus Viennensis, regis legatus pius.
Ubi pacis conditiones recepero, amplissimo senatui mittam, cui salutaria omnia et felicia precor, d.d.
etiam Martiri et Gvalthero.
Bene vale.
Sol[uturi] 14. aprilis.
<un>Tuus ex animo.</un>
Domino Henrico Bullingero, ecclesiae Tigurine pastori vigilantissimo.
(v.a.Hd.)
</text>
</brief>