<?xml version='1.0' encoding='UTF-8'?>
<brief id="29139" jahr="1559" lang="de">
<ae>Johannes Fabricius an Bullinger</ae>
<od>(zu 4. September 1559).</od>
<vo>Zürich StA, E II 378, 1772. / Orig.(Aut.)</vo>
<dr>Graub. II,  156 R.</dr>
<re></re>
<text>
Cum literas consignassem, haec insuper comperi:  Illa signa, quae scripsi detenta esse et remissa in Pedemontem, nunc denuo dimissa sunt, forte quod novus rex omnia foederis capita rata habeat.
Jetz mitwoch hat die straal<f1>Blitz.</f1> im Thumläschk 46 rinder uff eim huffen ersteckt; dan die rinder sind zuͦsamen geloffen, als das wätter angangen ist.
Gregorius Carlin hoc vesperi pro certo affirmavit pontificem mortuum.
[Datum, Unterschr.
u.
Adr.
fehlen.]
</text>
</brief>