<?xml version='1.0' encoding='UTF-8'?>
<brief id="29113" jahr="1559" lang="lat">
<ae>Bullinger an Johannes Fabricius</ae>
<od>Zürich, 27. Juli 1559.</od>
<vo>Zürich STa E II 373, 113. / Orig.(Aut.)</vo>
<dr>Gr. II, 150 R.</dr>
<re></re>
<text>
S. D. Accepi tuas 24. iulii scriptas.
Quoniam vero hisce diebus domestico et gravi dolore capitis mei laboro, nihil nunc scribo, nisi quod tuas accepi, et gratias ago pro diligentia.
Dominus manifesto iudicio regem sustulit, qui gravem manum in ecclesiam dei incutere voluit.
Faxit dominus, ut hoc agnoscant consiliarii Francisci, cui omnia felicia precor.
Commenda me d. legato, d.d. consulibus, d. Gallicio, Pontasellae et omnibus bonis.
Quaeso, diligenter has cura deferri a d. Friderycho, qui
iussit eas Samadenum mitti, ubi nunc est.
Vale.
<oz>Tiguri 27. iulii 1559.</oz>
Bullingerus tuus.
Praestantissimo viro d.
Ioanni Fabritio, Curiae Rhetorum Christum annuncianti, compatri et fratri suo charissimo.
^$Chur.
</text>
</brief>