<?xml version='1.0' encoding='UTF-8'?>
<brief id="30232" jahr="1560" lang="lat">
<ae>Johannes Fabricius an Bullinger</ae>
<od>Chur, 16. Dezember 1560.</od>
<vo>Zürich StA, E II 375, 615. / Orig.(Aut.)</vo>
<dr>Gr. II,  253f. R.</dr>
<re></re>
<text>
S. Quid rebus adeo perplexis et perturbatis ad te scribam, reverende pater, non habeo.
Episcopi causa haeret adhuc.
Viceramus, si qui victoria uti voluissent; nunc cessantibus nostris exitum rei nondum satis perspicio.
Hic comitia futura fuerant; Glaronenses iis causam dederant.
Sed Superioris Foederis homines et ipsi et ipsi inter se separatim conventus agitant, et res Glaronensium, quod ad illos, Superioris Foederis homines, attinet, videtur in lubrico sita.
Hoc ego multo timebam ante, ideoque
omnis mora mihi
</text>
</brief>