<?xml version='1.0' encoding='UTF-8'?>
<brief id="30151" jahr="1560" lang="lat">
<ae>Bullinger an Johannes Calvin</ae>
<od>Zürich, 30. August 1560.</od>
<vo>Zürich StA, E II  342a, 380. / Orig.(Aut.)</vo>
<dr>Ep.Calv. 3239 (XVIII, 171ff.)</dr>
<re></re>
<text>
S. D. Proditionibus et sanguinariis artibus plena sunt omnia, frater in Christo charissime.
Episcopus Rhedonensis missus a rege Galliarum aut cardinale potius ivit praeterito mense ad imperatorem, quo si quid sit papisticum magis in orbe terrarum, dubito vehementer.
Badae in comitiis praeteritis et mense iulio celebratis multum contulit cum legatis Helvetiorum papisticis; deinde descendit Viennam Austriae.
Scripsit tamen ex itinere ad me et dixit se concilii liberi convocandi gratia proficisci ad
imperatorem, orare, ut ei, quid sperem et sentiam de concilio explicem, id quod feci ostendens me nihil nisi turbas et bella inde expectare, et cur haec expectem, exposui ex historiis.
Idem quoque misit cum mandatis virum doctum mihi familiarem ad principes Germanos.
Exponit his tumultus Galliae, et quod quidam fateantur se cum Germanorum principum consensu tumultuari, id quod non credat rex, orareque, ne ipsi principes credant tumultuantibus.
Addit se cogitare de libero concilio celebrando ac
principum requirit consensum aut sententiam.
Nuper vero retulit mihi ille, qui apud lantgravium, Palatinum et Wirtenbergensem fuit, principes se excusare et protestari, quod tumultus conscii non sint; scire tamen graves persequ[u]tiones motas in fideles, unde forte turbae hae exoriantur; orare, ut pax ecclesiae Christi concedatur.
Concilium vero agnoscere admodum esse necessarium, sed apostolicum, non papisticum; illud se non fugituros, cum hoc nihil se habituros negotii.
Interea ex Vienna fama
spargit serio consultari de concilio et venisse illuc legatos Roma missos.
Mittuntur item ad episcopum Constantiensem legati pontificii et imperatorii, qui obtrudunt episcopo Constantiensi coadiutorem.
Sed renuit episcopus, renuit capitulum; dicuntur autem citandi Romam ob hanc rebellionem.
Coadiutorem obtruderent libenter nobilem quendam ab Emps, hominem militarem, pontificis ex sorore nepotem, iuratum quasi Helvetiorum hostem.
Existimant autem multas ob c[aus]as hunc obtrudendum,
praecipue vero si concilium celebrari possit Constantiae, denique ut eius opera utantur contra Helvetios evangelio adhaerentes.
Quid vis? Mirifica tractantur consilia, quae si succedant, ad vos usque pertingent.
Reliqua intelligit tua prudentia, et fratri cuidam multa credidi, quae tibi referat; veniet his diebus ad te, Sabaudus est, vir bonus et pius etc.
Oremus ergo dominum, ut consilia Achitophelica omnia dissipet, nam apud Rhetos quoque seminarium sparsum est seditionis et tumultus, dum
quidam contra episcopum, alii pro episcopo stant, de quo forte ab aliis audisti.
Ego omnia huc spectare et institui video, ut veritas opprimatur variis artibus.
Sed vivit dominus; hic enim disponit, homo proponit, et incidit saepe in foveam, quam fecit<f1>Bibelzitat (mehrere Stellen!).</f1>, quisquis interitum aliis struit.
Saluta d. Baezam et Viretum et, quid in Galliis fiat, scribito, et ut res vestrae habeant.
Salutant te symmystae et fratres omnes.
Vale.
<oz>Tiguri  30. augusti 1560.</oz>
Saluta d. Budaeum, Ionvilleum, Badium et reliquos notos    etc.
<un>Bullingerus tuus.</un>
Clarissimo viro d.
Ioanni Calvino, Genevensis ecclesiae fido pastori, domino suo colendo et fratri charissimo.
^$Genff.
</text>
</brief>