<?xml version='1.0' encoding='UTF-8'?>
<brief id="30018" jahr="1560" lang="de">
<ae>Bullinger an Johannes Fabricius</ae>
<od>(Zürich), 26. Januar 1560.</od>
<vo>Zürich StA, E II 373, 152. / Orig.(Aut.)</vo>
<dr>Gr. II, 175f. Exc.</dr>
<re></re>
<text>
S. D. Curabo modis omnibus, ut me vobis gratum exhibeam omnibus, quibus nunc gratias ago, quas possum maximas.
Ex Anglia literas scriptas mense decembri.
Religionis negotium optime habet.
Deus confirmet verbum suum in aeternum.
Nulla mentio consensionis Anglorum et Scotorum, nec puto verum esse, quod contra Gallos conspirarint.
Hoc de Scotis tamen scribitur: intrepide eos in religione progredi, Gallicam classem, quae subsidium voluit ferre reginae, tempestate disiectam esse et submersas aliquot
naves.
Reginae Angliae nuptiae adhuc nullae.
Legatus Caesaris vel imperatoris, qui nomine Caroli ambivit, discessit.
Haeret adhuc secundogenitus Sueciae regis filius in Anglia, qui fratri suo iuniori Erycho ambivit; sed existimatur nihil effecturus.
Brevi plura dabo.
Haec communia habebis cum amicis, imprimis cum amplissimo viro d.
legato, cui me commendabis.
Valebis aeternum.
Literas, quas te nondum accepisse scribis, tradidi Sülero<f1>Zum Schuldenhandel nach Sülers Tod finden sich Materialien im Bestand A 369 (s. Register bei den Inventaren des StA).</f1>, qui dicit se inserviisse episcopo vestro.
Inclusi meis, ut
ipse iusseras, d.
legati ad te literas.
Inclusae sunt item ad Christophorum meum.
Der sagt, das imm j.
Caspar von Salis wol zuͦgesagt, das roß zuͦ verkouffen.
Den bitten ich ouch früntlich alls minen günstigen junckherren, das er hälffe, das es verkoufft werde.
Dann wenn ir mirs schon hinab schickend, weiß ichs vil minder zuͦ verkouffen.
Ir möchtend vilicht meinen, wenn irs verkouffend, möchte ich gedäncken, ich wöllte me hie darus gelöst haben etc.
Nein, ich hab vor geschriben und sagen es
wider: verkouffen es, wie ir mögend und alls ob es üwer were.
Was ir dann lösend, des wil ich zuͦfriden sin.
Möchte es aber nitt anders sin, müssend ir mirs wol schicken; wirt mir aber nitt werd sin, deßhalb das ichs minder zuͦ verkouffen weiß und es ouch ander lüthen befälhen muß; dann ich mich gar nüt der gurramenten vermag.
Dorum thuͦn wie guͦt fründ.
Vale aeternum cum omnibus nostris.
Festinantissime  26. ianuarii 60.
                                                                Bullinger.
Praestantissimo d.
Ioanni Fabritio, Curiensis ecclesiae ministro fidelissimo, compatri et fratri charissimo suo.
^$Chur.
</text>
</brief>