<?xml version='1.0' encoding='UTF-8'?>
<brief id="30153" jahr="1560" lang="lat">
<ae>Bullinger an Johannes Fabricius</ae>
<od>(Zürich), 30./31? August 1560.</od>
<vo>Zürich StA, E II 373, 223. / Orig.(Aut.)</vo>
<dr>Gr. II, 206 Exc.</dr>
<re></re>
<text>
Anfang fehlt (ist abgeschnitten), Anfang der nächstoberen Zeile noch sichtbar: "mira"
Constantiae fuere legati missi pontificius Italus quidam, Bolwylerus ab imperatore et episcopus Labacensis.
Postularunt ab episcopo, ut patiatur sibi coadiutorem dari illum ab Emps, cum senio sit confectus; hactenus vero neque episcopus neque capitulum induci potuit, ut consentirent.
Creditur ergo pontifex citaturus episcopum et capitulum Romam; modis enim omnibus cogitant intrudere hunc.
Quare?  scis Amisum, castrum Empsensium, Reguscis<f1>Bewohner des Rheintales, vgl. HBBW XII...</f1> opponi, sub episcopi potestate esse Arbonam, Maiorem
Augiam, Oeningam, Keyserstuͦl, Klingnouw etc.
Nunc quidem nulla mentio facta est concilii; sed, si hic intrudatur, wirt's zuͦ vilen dingen guͦt sin wider die eydgnossen, insonders wider uns.
Comitiis futuris et 8. septembris celebrandis Badae mira audiemus.Dominus adsit fidelibus suis et frangat antichristo brachium suum etc.
Milyagrius habitat Basileae cum uxore et liberis expectaturus principissae reditum, si forte affulgeat lux.
Si nulla, scribet ad me; vicissim ad te scribam.
Hic tanta
est inopum studiosorumque turba, ut consuli non possit illis hic.
Multa sunt, quae me moerore conficiunt.
Vale.
Festinantissime, 30./31? augusti 1560.
<un>Bullingerus tuus.</un>
[Adr.
fehlt.]
</text>
</brief>