<?xml version='1.0' encoding='UTF-8'?>
<brief id="30233" jahr="1560" lang="lat">
<ae>Matthieu Coignet an Bullinger</ae>
<od>Solothurn, 17. DEzember (1560).</od>
<vo>Zürich StA, E II 368, 420. / Orig.(Aut.)</vo>
<dr></dr>
<re></re>
<text>
S. Certiorem te feci de regis Francisci morte, de qua amplissimo senatui scribo.
Accepi controversiam, quę erat inter Wirtembergensem et marchionem Badensem, qua de scripseram ad te, sedatam esse et Wirtembergensem recuperasse monasterium Herrenalba.
Si quid dignum scitu habeas, gratissimum erit, si certiores nos reddideris.
Salutabis amicos omnes et nos amabis.
Bene vale.
Sol[uturi] 17. decembris.
Valentinus communicabit literas scriptas Italice ex Venetia, antequam remittat.
<un>Tuus ex animo Coignet.</un>
D. Henricho Bullingero, Tigurine ecclesie pastori vigilantissimo.
^$Tiguri.
</text>
</brief>