<?xml version='1.0' encoding='UTF-8'?>
<brief id="30147" jahr="1560" lang="lat">
<ae>Bullinger an Johannes Fabricius</ae>
<od>Zürich, 22. August 1560.</od>
<vo>Zürich StA, E II ..., ...  u. 50.</vo>
<dr>Gr. II,  S. 201f.</dr>
<re></re>
<text>
"S. D. Quae nuper recitabas plausibilia de potestate regia regi Navarrae tradita, metuo, ne sint vera.
Hoc scio pro certo magnates Galliae in hoc esse totos, ut subvertant evangelium.
In hoc missi sunt legati ad pontificem, ad Hispanum et ad imperatorem.
Consultatur de concilio celebrando in hoc, ut praetextu opprimantur boni, nec desunt, qui dicant Constantiam debere locum esse concilii.
Sed cur? ut committantur Helvetii, quibus deletis facile putant compesci posse Germanorum aliquot principes,
deinceps vero fideles in Galliam conclusos nullo negotio opprimi posse, ut deinceps et Anglia subiugetur . . . . .  Dubium autem non est foederatos nostros in disem spyl das obermänly sin.
Nollem itaque modo agitari apud vos turbas, ne hac occasione ad vos legatio ab eis mittatur, qualis missa est ad [Valesios]* [gestrichen), non ut componant dissidia, sed suffundant frigidam, cumque ubique clancularia tractent et immittant consilia, novum non esset, si et inter vos practicarent."   -     An
Travers schreibt Bullinger im gewünschten Sinn.
 "Dominus omnia bene vertat et avertat, ne avaritia evangelicorum papatum instauret."   -    Über die Ereignisse im Elsass gibt ein beigelegter Brief Auskunft.
Bullinger ist darüber sehr betrübt, schreibt Trostbriefe.
"Sed miserum est eiici evangelicos ab evangelicis."  Der Krieg in Schottland ist beigelegt; die vor vier Tagen aus London erhaltenen Friedensbedingungen möge Fabricius mit dem andern Schreiben zurücksenden.
Grüsse.
                                                          Tiguri, 22. augusti 1560.
</text>
</brief>