<?xml version='1.0' encoding='UTF-8'?>
<brief id="30178" jahr="1560" lang="de">
<ae>Ambrosius Blarer an Bullinger</ae>
<od>(Winterthur), 5. Oktober 1560.</od>
<vo>Zürich StA, E II 357a, 481</vo>
<dr>Bl. III, S. 546.</dr>
<re></re>
<text>
Ich sende einen Brief von Schenck samt einer Schrift, die einer ohne Sorgfalt aus Luthers Werken zusammengeflickt hat in der Hoffnung, durch dessen Autorität unsere, d. h. Christi Sache bei den deutschen Fürsten zu schädigen.
Möge der Erfolg der lauteren Absicht entsprechen! Gedenkt ihr überhaupt auf diese Torheiten zu erwidern, so tut es ja mit christlicher Mäßigung, damit wir nicht für schlimmer als jene angesehen werden.
Jeden Verständigen ekelt der so oft aufgewärmte Kohl an, und die Wahrheit wird siegen; ich bin des unseligen Streites so satt, daß ich bei der geringsten Erwähnung fast schaudere.
Doch ich muß schließen.
Beten wir, daß die schlimmen Absichten gewisser eidgenossen stets eine unreife Geburt bleiben; teile mit, was Du über diese böse Sache weißt und was Du sonst Neues hast.
Augusta nihil adfert nisi diem suum obiisse opulentissimum illum Fuggerum Anthonium, quo nullum in christiano orbe extra reges et principes ditiorem esse existimant.
Legavit singulis pauperibus, quorum supra 900 fuerunt, sex coronatos pauloque ante suum obitum pauperibus aliis nonnullis in urbe, qui plus quam 300 fuisse creduntur, singulis quatuor florenos in auro distribuit, vir honestae satis vitę, sed insignis evangelii adversarius, qui responsum se a spiritu suo accepisse credidit non
visurum se mortem, nisi prius viderit Christum dominum cum evangelio suo urbe exactum; verum fefellit illum vana spes, et regnante adhuc apud Augustam Christo ipse eiectus Babenhusenum 7 miliaribus illinc distans in maiorum suorum sepulchro conditus iam iacet nihil porro contra Christi fideles pugnaturus.
Wenn ihr, Du und Gvalther, die Satire gelesen habt, sendet sie mit euerem Urteil, ob sie veröffentlicht werden soll; mein Bruder bittet darum, und Laetus weiß einen Drucker.

<oz>5. octobris 1560.</oz>
</text>
</brief>