<?xml version='1.0' encoding='UTF-8'?>
<brief id="31198" jahr="1561" lang="lat">
<ae>Johannes Haller an Bullinger</ae>
<od>Bern, 15. Juli 1561</od>
<vo>Autograph: Zürich StA, E II 359, 3031</vo>
<dr>Teildruck/Zitat:Jacques V. <a>Pollet,</a> Martin Bucer. Etudessur les relations de Bucer avec les Pays-Bas, l'Electorat de Cologne et l'Allemagne du Nord, Bd. 2, Leiden 1985. - Studiesin Medieval and Reformation Thought XXXIV, S. 328, Nr. 104</dr>
<re>Regest</re>
<text>
[...] Velsius ad nos non venit; quo abierit, nescio. Cur non patribus
Tridentinis suam offert prophetiam? Apud nos satis recte omnia habent.
^$Ex Gallia nihil audimus nisi fausta de progressu evangelii [...].
<oz>Bernae, 15. iulii 61.</oz>
<un>I. Hall. tuus.</un>
<adr>[Adresse?]</adr>
</text>
</brief>