<?xml version='1.0' encoding='UTF-8'?>
<brief id="31013" jahr="1561" lang="de">
<ae>Bullinger an Johannes Fabricius</ae>
<od>Zürich, 17. Januar 1561.</od>
<vo>Zürich StA, E II 373, 179ff. / Orig.(Aut.)</vo>
<dr>Gr. II,  264f. R.</dr>
<re></re>
<text>
S. D. Fideliter et mature tuas mihi literas reddidit consul.
Invitatus fueram a Claronensibus, sed ivi coenatum ad Rhetos.
Amicissime colloquti sumus consules et ego.
Incidi et in dominum Rezuntii d.d Plantam.
Permulta cum illo sum colloqutus.
Captabam occasionem in sermone disserendi de rebus praesentibus; sed alio subinde sermonem flectebat.
Video hominem esse versutum.
Tandem petebat, ut libros meos ipsi De conciliis darem, ipsum amici loco haberem.
Promisi me daturum libros, quamprimum
impressi fuerint, ac me aliquando scripturum ad ipsum, si quidem se amicum praestiterit.
Peculiariter colloqutus sum cum d.
consule de caussa Claronensi; promisit ille omnia se pietatis facturum officia.
At nihil scripsi ante octiduum, quod negotiis oppressus nihil potuerim.
Paulo ante tradidi duo exempla cuidam iuveni Curiensi, exempla inquam Concionum mearum in Ieremiam, alterum pro te, alterum pro Philippo; nomen eius non amplius teneo.
Dedi et literas; iam incipio dubitare, an tradiderit.
Fuit in diversorio Stellae; mercator fuit, in navi ascendit.
Wenn er nitt trüw xin und es üch überantwortet, so ists minen halb aber ein pur ein suw; dann ich weiß nitt me, wie er heist, wiewol er mirs gesagt.
Ist ein schwartzer, langer junger poß; hatt imm ein halben batzen trinckgällt zum Sternen geschickt, kamm er wider und sagt, imm were nüt worden; gab ich im ein anderen, badt inn, er wöllt die bücher und brieffe darinn wol versorgen etc.
Matronę, Leonis nostri beatae memoriae viduae,
dedi literas tuas.
Illa respondet, et habes hic literas.
Ludovicus meus ipse respondet.
Von Baden habend wir noch dißer stund nitt mee, dann daß aller eydgnossen botten da sind, ouch von Wallis, von Rodtwyl, von Mülhusen und anderen zuͦgewandten das man amm zinstag angehet und an die 5 Ort einer antwort begärt.
Habend sy die uff gester zuͦ gäben verheyssen.
Man hört aber nüt, wie und was.
Man sagt, sy syend ettwas geschlachter dann bißhar.
Von botten von Augspurg weiß ich gar nüt, onet das einer
mitt der statt büchs vorgester von Augspurg kummen, hat mir brieff bracht, 8. januarij zuͦ Augspurg gäben.
Vragt ich, ob sine herren botten gen Baden geschickt etc.
Weist er niener von überall etc.
Üwer herren vragtend hie, ob die botten von Augspurg nitt hie legend und uff den tag wartetend; wustend wir ein wort nitt darvon.
Senatus Augustae fere papisticus est, non aget cum illis pro cursoris ignominia etc.; doch mag ich nitt wüssen, was noch beschicht.
De Mediomatricum urbe eadem apud nos est
fama; sed literas accepi ab Argentina, sed in his ne verbum quidem de Meti; in iis tamen multo minora commemorantur.
Ex Augusta accipio 13. decembris obortam esse horrendam tempestatem Viennae, et in Austria, arsisse coelum, fragores tonitruum auditos inter fulgetra, fulmen turrim feriisse S. Stephani, terremotum concussisse urbem etc.
Omnia admodum fuisse terrifica.
Sed nemo cogitat de poenitentia.
Die wällt ist wüssentlich unsinnig.
Heri in aurora visa sunt a multis fulgetra etc.
By dem Coignetio zuͦ erfaren, ob der üwer bischoff wider den von Constantz gehandlet etc., bedunckt mich unfruchtbar zuͦ sin; dann er deß wenig berichts haben wirt.
Die dappfferkeit deren von Schamps hab ich von hertzen gern gehört, wil ouch in reditu verschaffen, das beschäch, wie ir begärend und das
bitt für Beccariam an üwere botten beschähe.
Die copy und Beccariabrieff  schicken ich hie wider, dancken üch früntlich.
Habend nun ouch guͦt acht, das den Jesuiten aller zuͦgang uff dem pundtstag beschlossen werde.
Ich wil noch immerdar schwerlich glouben, das der handel mit dem b[ischoff] also abgon werde, ich höre dann den beschluß; dann ich wol von vilen zyten erfaren, wie diß volck so ein breyten fuͦß hat.
Domino tamen nihil impossibile; is faciat, quod bonum est in oculis suis! Die
artickel, so gestellt, mißfallend mir nitt, wenn sy nun möchtend behouptet werden.
Papa misit bullam indictionis continuationis concilii ad pascha in Galliam.
Status regni congregati fuerunt Aurelii; sed repudiata est.
Volunt liberum concilium, in quo ipse papa praesens sit; nolunt continuationem et in quo tantum sint legati, ideoque comitia indicta ad 20. huius translata sunt in maium, ut consultetur, quid proponendum in concilio etc.
Stetit supra urbem, in qua rex et regni nobilitas, cometa
per dies 28 continuos.
Haec ad me nuper Coignetius, qui optima spe est verbum dei promotum iri in Gallia.
Oremus dominum, ut adsit nobis.
Vale.
Festinantissime haec scripsi.
Salutant te nostri.
Scribe, an receperis Ieremiam meum.
Saluta d.
Philippum, d.
Tscharnerum, Pontasellam etc.
<oz>Tiguri 17. ianuarii 1561.</oz>
Tuus, quem nosti.
Praestantissimo viro d.
Ioanni Fabritio, Curiensis ecclesiae ministro fideli, domino et fratri suo colendo et dilecto.
^$Chur.
</text>
</brief>