<?xml version='1.0' encoding='UTF-8'?>
<brief id="32115" jahr="1562" lang="lat">
<ae>Bullinger an Johannes Calvin</ae>
<od>Zürich, 3. Juli 1562.</od>
<vo>Zürich StA, E II 342a, 438. / Orig.(Aut.)</vo>
<dr>Ep.Calv. 3820 (XIX, 478).</dr>
<re></re>
<text>
S. D. Certissimum est papam missurum grandem pecuniam, et petiturum 4000 Helvetiorum.
Praetexit defensionem sui corporis et sellae, sed compertum est, usurum illo milite pro Guysio.
Certissimum est aliquot centurias equitum Brunsvigicorum conscriptas esse, et a comite Rheni, Rhyngraff, conscribi 2 legiones lanzknechtorum pro Guysio.
Haec si nostri ignorant, moneantur in tempore omnium.
Rursus inculco: Vigilate ne Lugdunum veniat in manus hostium.
Vale.
Festinantissime.
<oz>Tiguri  3. iulii 1562.</oz>
Tuus quem nosti.
Clarissimo viro d.
Ioanni Calvino domino et fratri suo colendo et dilecto.
Genff.
</text>
</brief>