<?xml version='1.0' encoding='UTF-8'?>
<brief id="32117" jahr="1562" lang="lat">
<ae>Bullinger an Johannes Calvin</ae>
<od>Zürich, 17. Juli 1562.</od>
<vo>Zürich StA, E II 342a, 439. / Orig.(Aut.)</vo>
<dr>Ep.Calv. 3827 (XIX, 486ff.)</dr>
<re></re>
<text>
S. D. Literas tuas, honorande et dilectissime frater, 6. iulii datas mature accepi ac indolui tanto tempore in vanum exultasse pios, cum per te intelligo vana esse, quae pro compertissimis habita sunt de victoria Condensis.
Rursus ex eo consolationis aliquid accepi, quod pro certo nuncias e literis illustrissimi principis ad Lugdunenses scriptis pacem iam forte esse compositam.
Utinam ea sit pia, stabilis et iusta!
Cum autem has scribo, commonstrantur mihi literae allatae ex castris Helvetiorum, qui sub Frölichio militant, ex quibus intelligo dolo malo discessisse Guysium et praetendisse pacem, cum aliud conatus sit efficere, adeoque Helvetios vocari Lutetiam mandarique, ut festinent.
Quae si vera sunt, ut metuo, dominum oro, ut Condensi oculos aperiat videatque nihil penitus agendum esse cum versutis istis latronibus, nihil denique eis esse fidendum.
Utinam tam diu non conduplicasset impensas et
cunctatione opportunitatem neglexisset bonam! Verum orabimus dominum, ut is rebus prope desperatis succurrat.
Accepi hodie literas ex Curia et Clavenna.
Salutat te d.
Hercules a Salice.
Suadent et urgent viri boni ex Rhetia, ut tibi diligenter significem, dominis, imprimis vero illustrissimo principi et amiraldo significes, ne negligant Rhetos, sed legatum mittant ad eos cum literis etc.; paratos enim esse Rhetos mittere exercitum instructum.
Fabritius in haec verba ad me scribit: "Metuo, si nostri negligi se videant, ardor, quo incensi sunt in hac c[au]sa pro Codensi, abeat in indignationem.
Facito tu, quod tibi optimum videtur." Scribit item Hercules Bononiae colligi militem a papa, qui mittendus sit in Provinciam.
Monent alii viri boni brevi a papa conscribenda Helvetiorum 4000 ex papistis, et nominantur aliquot duces, ac certum est ex Immontanis aliquot fuisse Tridenti et iam rediisse domum ac iactare Madrucium, Lazarum a Schwenden et comitem ab Helffenstein collecturos militem Germanum pro Sabaudo contra Gallos et Bernenses.
Et huius generis multa commemorare possem, e[x] quibus
omnibus colligo moliri impios res magnas.
Tempestivum itaque esset, ut Condensis cum suis etiam rebus suis et piorum prospiceret.
Spero te meas circa principium huius mensis de hisce rebus scriptas te accepisse.
Vale una cum fratribus omnibus, maxime Budaeo et Ionvilleo, et pergite nobis diligenter et frequenter perscribere, quid in Gallia fiat; his enim bene uti possumus.
<oz>Tiguri  17. iulii 1562.</oz>
Salutant te fratres.
Saluta nobis Bezam nostrum, qui unus periclitatur pro nobis omnibus.
<un>Bullingerus tuus.</un>
Clarissimo viro d.
Ioanni Calvino, Genevensis ecclesiae ministro, domino et fratri suo colendo et dilectissimo.
^$G[enf]f.
^$Cito.
</text>
</brief>