<?xml version='1.0' encoding='UTF-8'?>
<brief id="32101" jahr="1562" lang="lat">
<ae>Francis Russel, earl of Bedford, an Bullinger</ae>
<od>London, 10. Juni 1562.</od>
<vo>Zürich StA, E II 375, 692.</vo>
<dr>Ep.Tig. II, S. 46. / Orig. (aut. Unterschr.)</dr>
<re></re>
<text>
S.P.D. Redit ad vos Io.
Henricus.
quem mihi vestris literis commendastis.
Is sane apud nos honestissime se gessit.
Equidem optassem illius et vestra causa plura efficere, sed non semper optatis successus respondent.
Quod ad me attinet, nunquam sane isthinc aliquis veniet mihi per vos commendatus, quin sit futurus longe gratissimus.
Quare de meo erga vos animo et voluntate nunquam addubitetis.
Tibi et ecclesiis vestris ut omnia prospera et foelicia succedant, cupio et exopto.
Nec plura in
presentia.
Vale et salve cum universo piorum cętu.

<oz>Londini, 10 die iunii, 1562.</oz>
<un>Tuę pietati addictissimus,  F. Bedford.</un>
<adr>
Clarissimo viro d.
Henrico Bullingero, fidelissimo ecclesię Tigurinę ministro.
Tiguri.
</adr>
<fx>Viell. v. Joh. Heinr. v. Ulm geschr. [...]</fx>.
</text>
</brief>