<?xml version='1.0' encoding='UTF-8'?>
<brief id="33122" jahr="1563" lang="de">
<ae>Friedrich von Salis an Bullinger</ae>
<od>Samaden, 27. August 1563.</od>
<vo>Zürich StA, E II 365, 304.</vo>
<dr>Gr. Ii, S. 457f. R.</dr>
<re></re>
<text>
Er hat aus Mangel an Stoff lange nicht geschrieben.
-   "Reddo
te certiorem obitus eximii et apud nostrates sua aetate
incomparabilis viri d.
Ioannis Traversii, soceri mei, qui die
22. praesentis mensis ad beatas sedes migravit relicto sui nedum
domesticis, sed etiam toti patriae nostrae maximo desiderio.
Decubuit autem per tres continuos menses tanta interim usus
patientia, ut dici vix queat.
Nec enim, dum incolumis
permanserat, tam profuit patriae, etiamsi ei fuerit longe omnium
nostrae aetatis virorum saluberrimus, quam aegrotus indefessum
verbi dei concionatorem egit usque ad extremum vitae suae diem.
Plurimus enim hominum concursus, qui eum decumbenten visitabant,
quos omnes hilariter suscipiebat et verbo dei mirum in modum
recreatos a se dimit[t]ebat; inque illo instituto permansit usque
ad id momenti, quo e vita decessit."   -     Letzten Monat ist
auch Augustin Mainard gestorben, als dessen Nachfolger Hieronymus
Zanchius (Stanchus) durch Franz Bellinchetti von Straßburg nach
Chiavenna berufen werden soll.
 -   Salis will seinen Sohn, der
sich vor zehn Monaten nach Basel begeben hat, bis zum Februar
dort lassen; dann soll er heimkommen und sich zur Vollendung der
Studien nach Padua begeben.
Samadeni, 27. augusti 1563.
</text>
</brief>