<?xml version='1.0' encoding='UTF-8'?>
<brief id="33069" jahr="1563" lang="lat">
<ae>Ambrosius Blarer an Bullinger</ae>
<od>Leutmerken, 4. Juni (1563).</od>
<vo>Zürich StA, E II 357, 44 / Orig.(Aut.)</vo>
<dr>Bl. III,  767 R.</dr>
<re></re>
<text>
Nudiusquartus Lutmercham redii Vituduro, unde semel atque iterum
ad te scripsi anxie, quid respondeas, expectans, praesertim de
negocio illo matrimoniali, super quo forte etiam Bernardus noster
tecum contulit quemadmodum etiam de censura.
De foedere illo
vestris cum Gallo ineundo quid tibi videatur, age ne me cęles.
Ego iam nihil prorsum habeo scitu dignum, quod scribam.
De
conscripto milite omnia nunc etiam apud Constantienses sunt
sopita.
Dominus nos sua, hoc est solida et ęterna pace dignetur.
Vale
iterum atque iterum.
<oz>Lutmerchę  4. iunii 1542.</oz>
Salveat tua domus cum omnibus amicis et fratribus.
<un>T[uus] Ambr[osius] Bl[aurerus].</un>
Clarissimo d.
H[einricho] Bullingero, domino suo valde quam
colendo longeque charissimo fratri etc.
</text>
</brief>