<?xml version='1.0' encoding='UTF-8'?>
<brief id="35026" jahr="1565" lang="lat">
<ae>Bullinger an Johannes Fabricius</ae>
<od>(Zürich), 9. März 1565.</od>
<vo>Zürich StA, E II 373, 553. / Orig.(Aut.)</vo>
<dr>Gr. II,  581 R.</dr>
<re></re>
<text>
S. D. Postquam priores ad te datas obsignavissem, en libellum apportat compactor.
Protinus ergo adiungo libello epistolam brevem, quam hic vides; primas enim
eius lineas hic inclusi, ut, quid scripserim, videas.
In tui gratiam scripsi alioqui nihil ad ipsum scripturus; stat igitur hoc, quicquid est, in tua manu.
Si
ita videtur, tradito illi; si non probatur, servato tibi, copiam tamen aut ipsam etiam epistolam ad me remitte; libellum dona, cui volueris.
Vale.
<d>9. martii 1565</d>.
<un>Tuus Bullingerus.</un>
Praestantissimo viro d.
Ioanni Fabritio, Curiensis ecclesiae ministro, domino et fratri meo colendo et dilecto.
Chur.
</text>
</brief>