<?xml version='1.0' encoding='UTF-8'?>
<brief id="36057" jahr="1566" lang="de">
<ae>Thomas Blarer an Bullinger</ae>
<od>(Gyrsberg), 8. April 1566.</od>
<vo>Zürich ZB, Ms F 9.</vo>
<dr></dr>
<re></re>
<text>
Günstiger, lieber herr und vertrauter freund! Die christliche werbung, die ihr auf bitte eures schwagers, meines lieben
herrn und alten freundes Rudolf Gvalther (Waltherus) bei mir um meine tochter Anna vorzubringen übernommen habt, nehme
ich mit großem wohlgefallen auf und betrachte sie als eine gnädige schickung gottes. Nachdem nun euer schwager meine
eheliche tochter Anna von meiner ersten hausfrau Margareta Ehinger zur ehe begehrt und ich ihre geneigtheit erfahren
habe, bitte ich euch als von gott geordneten vermittler, euerem schwager, soviel meine zustimmung betrifft, zu erwidern,
daß ich und meine hausfrau uns die werbung gefallen lassen und sie als gnadenreiche göttliche fügung aufnehmen, auch
vertrauen, wenn sie zum erwünschten ziel führt, unser künftiger tochtermann an unserer tochter freude haben und nichts
zu bereuen haben; denn sie hat .... stets gehorsam und willfährig gezeigt. Wir hegen deshalb auch keine besorgnis wegen
gütlicher verständigung über die hürotsverglichung. Da ihr aber mit recht für gut erachtet, daß wir uns über diese
heurottsberedung zuvor schriftlich vergleichen, finde ich herrn Walthers anerbieten von brautrock, gürtel etc. völlig
genügend; ferner ist billig, daß sie in ihrer sonstigen kleidung und ehrbaren wandel sich seinem amt und willen gemäß
halte. Als morgengabe ist bei uns brauch, den töchtern 200 fl. auszusetzen; weil man aber bei .... vielleicht nicht so
hoch geht, so will ich nichts neues begehren, sondern bitte die summe euerem brauch zu ermäßigen, auch 100 gulden oder
wie es ihm unbeschwerlich ist. Sie selbst wird ihm 400 fl. mütterliches erbe zubringen, in 2 jahresfristen bar oder "an
hablicher gult" in Zürich zu erlegen und bis dahin zu verzinsen; dünkt ihm das zu lange, so stelle ich es ihm anheim.
Ich gäbe gern mehr, muß aber meine kinder gleich halten.Von meiner hinterlassenschaft soll sie aber, nachdem meine
beiderseitigen kinder für ihr mütterliches erbe ausgerichtet sind, gleichberechtigter erbe sein, außer falls ich meinen
söhnen etwas voraus zuwendete, wie auch ihm seinem sohn gegenüber nach euerem schreiben vorbehalten ist. Was ihr weiter
durch erbschaft oder sonst zufällt, soll sie ihm auch zubringen und er sie um ihr zugebrachtes gut versorgen. Was die
erbschaft seiner vorigen kinder betrifft, ist zwar bei uns brauch, daß zuerst die kinder einander und darnach die eltern
das zuletztgestorbene kind beerben; doch wollen wir uns dem erbrecht der stadt Zürich unterziehen. Was aber, falls
meine tochter vor ihm sterben sollte, ohne kinder zu hinterlassen, er von ihr, oder was sie, falls er mit hinterlassung
von kindern oder kindeskindern vor ihr stürbe, von ihm erben solle, mag er, da nach seiner ansicht der dritt..... oft
missverstand bringt und ein gewisses besser wäre,  bestimmen und nach billigkeit festsetzen. Wie im andern fall, wenn
sie oder er  kinder aus ihr zurückließen, das überlebende die hinterlassenschaft übernehmen und wie die teilung mit den
kindern gehalten werden solle, nachdem sie je ihr mütterliches gut voraus genommen haben, und das ihnen vorbehalten sein
solle, einander in zukunft mehr zu vermachen, besonders meiner tochter eine herberge und etwas hausrat, falls sie zur
witwe werden sollte, das alles in einen hürotts...... zu bringen, versteht er am besten. Deshalb lasse ich ihn auch
darum ersuchen; sobald mir dann derselbe zukommt, will ich meine und meiner tochter freunde davon unterrichten, doch
ohne verzögerung und hoffe auf guten ausgang.
Meine hausfrau und kinder grußen wieder und wünschen euch alles gute von gott, wie ihr auch euerem schwager und den
andern angehörigen von mir und den meinen ausrichten möget.
Euer schreiben erhielt ich durch Mörikofer erst sontags 7. april erhalten und habe ihm einen schneider aus meinen
nachbarn mitgegeben, um euere antwort in empfang zu nehmen.
<oz>Datum montag den 8. aprilis 1566.</oz>
E. E. W.  Thomas Blarer.
Wann und wo die heirat, falls sie zu stande kommt, aufgerichtet und versprochen werden soll, stelle ich euch anheim; mir
schiene Winterthur am gelegensten, oder es könnte, falls er es wünscht, die investitur mitt der besiglung und
zuͦsamenversprechung glich vor hochzyt und kirchgang alles zuͦ Zürich volendet werden, damitt ouch zyt und cost erspart
wurde. Die hochzyt wurde mins thails nitt vyl  .......  und leut haben.
</text>
</brief>