<?xml version='1.0' encoding='UTF-8'?>
<brief id="38107" jahr="1568" lang="lat">
<ae>Bullinger an Tobias Egli.</ae>
<od>(Zürich), 20. September 1568.</od>
<vo>Zürich StA, E II 342a, 550. / Orig. (Aut.)</vo>
<dr>Graub. III,  115 R.</dr>
<re></re>
<text>
S. D.  Mitto hunc nuncium ad d.d.d. consules vestros cum
literis, Quid contineatur iis non est ocium scribendi; tu
facile intelliges ex aliquo consule. Literas tuas  14.
septembris scriptas accepi. Falsum est Uraniensem exercitum
in lustratione deletum. Affirmatur verum esse Philippi
filium in carcere toxico necatum. Oro, ut fasciculum hunc
mittas tuto ad Huldrychum Campellum.
Vale aeternum.
<d>20. septembris 1568</d>.
Omnino necessarium est, ut scias, quid consulibus* (* a.R.:
... cos./ cosss. ....) scripserim. Interroga Willium et
hortare omnes, ne arma sumant contra innoxios et regi
obedientes etc.
<un>H[einrychus] Bullingerus tuus.</un>
Ornatissimo viro d. Thobiae Eglio, Curiensis ecclesiae
ministro, domino et fratri meo honorando et dilectissimo.
                                            Chur.
</text>
</brief>