<?xml version='1.0' encoding='UTF-8'?>
<brief id="39044" jahr="1569" lang="lat">
<ae>Johann Konrad Ulmer an Bullinger.</ae>
<od>(Schaffhausen), 16. Juli 1569.</od>
<vo>Zürich StA, E II  377, 2450. / Orig. (Aut.)</vo>
<dr></dr>
<re></re>
<text>
S. D.  Accepi epistolam tuam postremam, clarissime vir et
pater in Christo reverende, decima iulii. In ea significas,
quae sit de imprimenda Catechesi d. Froschoueri voluntas, et
quod eodem, quo scribis die post gravem et diuturnam
aegrotationem per dominum sacrae restitutus sis cathedrae.
Gratulamur id tibi et imprimis ecclesiae dei ex animo. Sunt
enim ea tempora, ut, si unquam alias, nunc potissimum
consilia et authoritatem gravium, eruditorum sanctaeque pac
 vere amantium theologorum
</text>
</brief>