<?xml version='1.0' encoding='UTF-8'?>
<brief id="39047" jahr="1569" lang="lat">
<ae>Celio Secondo Curione an Bullinger.</ae>
<od>Basel, 27. Juli 1569.</od>
<vo>Zürich StA, E II 377, 2462. / Orig. (Aut.)</vo>
<dr></dr>
<re></re>
<text>
S. D.  Scripsi proxime, quantum satis fuit, vir optime et
clarissime. Nunc visum est mihi hoc unum ad te scribere:
Minister ille Milusianus, quem Luterani illic collocarunt,
apoplexia repente mortuus est, quod quidem scribo, ut, si
fieri potest, efficias, ne talis sufficiatur, quandoquidem
antea a vobis, ut audio, ministros solebant accipere. Haec
te scire volui repente.
Vale.
Basileae die 27. iulii 1569.
Literas hasce et alias rogo ut aboleas, ne mi fraudi esse
possint.
<un>Tuus ex animo C[oelius] S[ecundus] subscripsit.</un>
Clarissimo viro domino Henrico Bulingero, domino et fratri
observandissimo.
Zurich.
</text>
</brief>