<?xml version='1.0' encoding='UTF-8'?>
<brief id="39046" jahr="1569" lang="lat">
<ae>Matthias Erb an Bullinger.</ae>
<od>Nachschrift vom 27. Juli zum Brief vom 25. Juli 1569.</od>
<vo>Zürich StA, E II  361, 265. / Orig. (Aut.)</vo>
<dr></dr>
<re></re>
<text>
Nudiusquartus est, quod scripseram hasce literas signatas
iussu heroinę matris, quae aiebat se habere nuntiam,
quę petitura esset Tigurum. Sed mulier abiit me
insalutato. Quid illa commissi habeat, ignoro. Hinc est,
quod neglectas huic Egidio tradiderim perferandas. Nil intra
hosce paucos dies audimus, nisi quod fama crebrescit d. a
Heideck in levi conflictu occubuisse; sed vanum puto.*
(*a.R.: vgl. 25. Juli 1569.) Scis fama malum et mobilitate
viget viresque acquirit eundo<f1><a>Vergil,</a> Aeneis, 4, 174f.</f1> etc.
Iterum vale.  27. iulii.
T[uus] M[atthias] E[rbius'.
[Adresse fehlt.]
</text>
</brief>