<?xml version='1.0' encoding='UTF-8'?>
<brief id="42071" jahr="1572" lang="de">
<ae>(Nachschrift zu  Tobias Egli an Bullinger.)</ae>
<od>(Chur, 29. April 1572.)</od>
<vo>Zürich ZB, Ms F 182, 143a.</vo>
<dr>Gr. III, S. 336.</dr>
<re></re>
<text>
S.  Der Schwytzer bott hatt hüt nüt anders gebracht den eben
fründtlichs
schryben von Orten, das, so herr Conrad nüt wider gmeine
land, brief uns sigel,
gehandlet, das man imm ein sicher geleyd zuͦ und vom
rechten geben welle,
glicher gstalt, wie dan min gn[ädige] h[erren] von Zürich
ouch geschrybenn,
darby wir frylich wol abnemend, wie diser mensch herumb
geritten. Antwort alias.
Haec addere volui, damitt ir nitt mentend, es were ettwas
gfarlichers. Also hatt
mir hütt morgens j[unker] H[ans] Görg von Marmels anzeigt.
</text>
</brief>