<?xml version='1.0' encoding='UTF-8'?>
<brief id="42098" jahr="1572" lang="de">
<ae>Bullinger an [Egli?].</ae>
<od>Berlingen, 18. Juni 1572.</od>
<vo>Zürich StA, E II 342a, 667b. /Orig. (Aut.)</vo>
<dr></dr>
<re></re>
<hw>[...] aufgekl. Zettel, Fragm. eines Briefes oder bloße Notiz? Von Bullinger weiter geleitete Notiz, die er aus "Bernang" = Berlingen erhalten hat.</hw>
<text>
Bartolomeus Stiltz von Schaffhusen zuͦ Maggenow in Doggenburg ist vom landtvogt vertriben, 
1. das er sin kind selbs toufft, da er kein andern gehaben mögen;
2. das er zuͦ einem sennen, der gesagt: "Ich wil ein fart gen Einsidlen thuͦn, weiß wol, das nitt rächt ist" etc. (gesagt): "Wee dir, das du mitt wüssen sündist";
3. ein wyb, die mitt den bäpstleren uff den grebern knüwet, gewarnet, da sy
in die kylchen gang ze bätten, nitt den aberglouben stercke; zuͦletst gesagt:
"Ich kan das aberglöubig, abgöttisch wäsen nitt lyden" etc. umb pfingsten.
<oz>Bernang im Durgöw.  18. iunii 1572.</oz>
</text>
</brief>