<?xml version='1.0' encoding='UTF-8'?>
<brief id="42065" jahr="1572" lang="lat">
<ae>Tobias Egli an Bullinger.</ae>
<od>Chur, 19. April 1572.</od>
<vo>Zürich ZB, Ms F 182, 181.</vo>
<dr>Gr. III, S: 333f.</dr>
<re></re>
<text>
Er dankt für Bullingers Besorgnis. "Statum petis puiblicum.
Is satis tristis
mihi adhuc videtur. Pergunt, sicuti acta, quae mitto, vere
perhibent, in
puniendis sceleribus. Veremur tamen, ne sutor ultra
crepidam, unde dissensiones
maximae oriri possent. Incipiunt tamen admonitiones
admittere, ut mitius agendo
quaerant speratum fructum consequi neque acutius ac anxius
omnis generis negocia
perscrutando et tractando concordiam semel initam
discindant. Speramus etiam
paulatim torrentem istum sedatum ire. Si enim extra
cancellos mandati sibi
iniuncti a communitatibus causidici isti agere perrexerint,
periculum erit, ne
Foedus Superius et urbs nostra suos abstrahant. Exspectatur
tamen praeses ille
Rhucantiae Vallis; qui si comparuerit, pro multis satis
erit. Utinam, quod
speraverim, extra culpam inveniatur! Hodie nimis severiter
tractarunt optimum
virum ammanum Davosiensem, quem accusarunt de multis, quorum
tamen scientiam et
culpam nullam sustinet prorsus. [At] licet testes se
producturum pollicitus sit,
nihilominus tamen torturae mentio facta est ante ipsum; quae
bono viro minime
convenire arbitratus fuerim. Sperandum tamen illum testibus
die lunae proxima
producendis frui posse. Nisi factum id fuerit, erunt, qui
sese e iudicio isto
subducent. Omnibus modis laborandum est, ne plus in manus
sumant ac profundius
tractent, quam res et tempus ferant. Alioquin brevi erit, ut
animi, qui nunc
sunt coniuncti, disiungantur etc. Non tamen dissolventur,
donec capitibus satis
sit depexum. Non possum plura; reliqua enim ex actis et
literis ad amplissimum
d. quaestorem cognosces. Nullum adhuc timetur ex signis
repromendis periculum.
Sed in tanta vicissitudine et subita mutatione si quid erit,
in tempore
significabimus. Ich gloub, es habind die P[lantani] oder
andere das geschrey
mitt den eydgnössischen botten ufträiet.
<oz>Ocyssime.  1572,  19. aprilis</oz>, Curiae."
(P.S.) Er verweist Bullinger wegen der Aussagen des Dr.
Planta auf den Säckelmeister [Thomann].
</text>
</brief>