<?xml version='1.0' encoding='UTF-8'?>
<brief id="43079" jahr="1573" lang="lat">
<ae>Johannes Haller an Bullinger.</ae>
<od>Bern, 26. Mai 1573.</od>
<vo>Zürich StA, E II 370a, 485.</vo>
<dr></dr>
<re></re>
<text>
S.  Remitto tibi tua Rhetica et pro his ago gratias, agit
etiam d. Steigerus,
qui eadem legit. Ego quae habeo ex Delphinatu, Gallia et
Belgico, vicissim tibi
mitto eaque lingua pleraque Gallica conscripta, sicut ad
dominos huc fuere
transmissa; non enim fuit ita repente mihi ad manus, qui ea
interpretaretur;
habetis vero illic plures, qui ea intelligere et
interpretari possunt. Si plura
habuero, plura mittam. Scriptum illud Sathanae ad regem
praestaret nunquam nec
scriptum nec editum. Nunquam mihi illud placuit; plus enim
talibus scriptis
irritantur mali quam aedificentur probi. Mihi tamen neque de
authore illius neque de typographo constat.
Bene vale. Scribo adhuc et ambulo qualitercunque; ideo
ignosces, si sim brevior.
Steigerus et nostri omnes te vicissim plurimum salutant, sic
etiam d. quaestor Manuel.
<oz>Bernae  26. maii 1573.</oz>
I[ohannes] Hall[erus] tuus.
Adr. a t.: Clarissimo viro d. Heinrycho Bullingero seniori,
Tigurinae ecclesiae
pastori fidelissimo, domino suo honorando et compatri
charissimo.
</text>
</brief>